--- frase 1
  [  0]    0.06    0.20  0.84  Vengo
  [  1]    0.20    0.22  0.01  a ?
  [  2]    0.22    0.46  0.84  hablaros
  [  3]    0.48    0.52  0.80  de
  [  4]    0.52    0.58  0.98  un
  [  5]    0.62    0.78  1.00  tema
  [  6]    0.84    0.92  0.93  muy
  [  7]    0.94    1.52  0.98  interesante
  [  8]    2.18    2.20  1.00  y
  [  9]    2.28    2.42  0.99  es
  [ 10]    2.64    2.76  0.98  el
  [ 11]    3.08    3.28  1.00  tema
  [ 12]    3.54    3.60  0.99  de
  [ 13]    3.64    3.76  1.00  los
  [ 14]    3.80    4.02  0.93  guías
  [ 15]    4.06    4.70  1.00  espirituales
--- frase 2
  [ 16]    5.10    5.42  0.99  Todos
  [ 17]    5.72    6.12  0.97  siempre
  [ 18]    6.52    6.64  1.00  nos
  [ 19]    6.67    6.84  0.90  hemos
  [ 20]    6.88    7.41  1.00  preguntado
  [ 21]    7.58    7.61  0.99  o
  [ 22]    7.67    7.76  1.00  nos
  [ 23]    7.80    8.45  0.99  preguntamos
  [ 24]    8.67    8.99  1.00  incluso
  [ 25]    9.05    9.11  0.99  yo
  [ 26]    9.29    9.55  1.00  mismo
  [ 27]    9.69    9.91  1.00  sigo
  [ 28]   10.01   10.59  0.99  preguntándome
  [ 29]   11.41   11.61  0.99  quiénes
--- frase 3
  [ 30]   11.65   11.75  0.99  son
  [ 31]   11.87   12.05  0.98  mis
  [ 32]   12.09   12.51  0.97  guías
  [ 33]   13.47   13.61  0.99  cómo
  [ 34]   13.67   13.73  0.99  se
  [ 35]   13.73   14.25  0.99  llamarán
  [ 36]   14.37   14.55  0.97  cómo
  [ 37]   14.61   14.95  0.99  serán
--- frase 4
  [ 38]   16.51   16.63  0.16  Bueno ?
  [ 39]   16.67   16.81  0.98  creo
  [ 40]   16.81   16.87  0.96  que
  [ 41]   16.91   16.95  0.99  es
  [ 42]   17.01   17.07  0.99  un
  [ 43]   17.13   17.33  1.00  tema
  [ 44]   17.83   18.49  1.00  bastante
  [ 45]   19.95   20.35  0.97  hablado
  [ 46]   20.83   20.93  0.99  hay
  [ 47]   21.05   21.41  1.00  muchos
  [ 48]   21.48   21.73  1.00  libros
  [ 49]   21.80   22.39  1.00  escritos
  [ 50]   22.54   22.66  0.99  hay
  [ 51]   22.75   23.14  1.00  muchos
  [ 52]   23.20   23.56  0.90  vídeos
--- frase 5
  [ 53]   23.60   23.68  0.95  hay
  [ 54]   23.72   23.92  1.00  mucha
  [ 55]   23.94   24.50  1.00  información
  [ 56]   24.92   25.04  1.00  pero
  [ 57]   25.08   25.14  0.98  yo
  [ 58]   25.18   25.22  0.52  os
  [ 59]   25.28   25.42  0.99  voy
  [ 60]   25.44   25.46  0.04  a ?
  [ 61]   25.46   25.72  0.95  hablar
  [ 62]   25.76   25.82  0.99  de
  [ 63]   25.88   25.96  0.99  mi
  [ 64]   26.10   26.46  0.99  propia
  [ 65]   26.50   27.08  0.97  experiencia
  [ 66]   27.30   27.32  0.98  o
  [ 67]   27.38   27.56  0.99  como
  [ 68]   27.60   27.68  0.99  yo
  [ 69]   27.76   28.34  0.99  entiendo
--- frase 6
  [ 70]   28.88   28.96  0.94  el
  [ 71]   29.00   29.16  0.99  tema
  [ 72]   29.22   29.28  0.98  de
  [ 73]   29.30   29.44  0.93  los
  [ 74]   29.88   30.08  0.52  guías
  [ 75]   30.12   32.24  0.00  espirituales ?
--- frase 7
  [ 76]   33.18   33.30  0.88  los
  [ 77]   33.30   33.48  0.76  guías
  [ 78]   33.54   34.24  0.99  espirituales
--- frase 8
  [ 79]   35.00   35.50  1.00  podríamos
  [ 80]   35.54   36.27  1.00  clasificarlos
  [ 81]   36.42   36.52  0.99  en
--- frase 9
  [ 82]   36.60   37.01  0.83  varios
  [ 83]   37.93   38.41  1.00  rangos
--- frase 10
  [ 84]   38.59   38.75  0.82  por
  [ 85]   38.93   39.25  0.82  decirlo
  [ 86]   39.29   39.33  0.83  de
  [ 87]   39.41   39.55  0.86  una
  [ 88]   39.75   39.99  0.87  forma
--- frase 11
  [ 89]   40.99   41.01  0.98  o
  [ 90]   41.13   41.79  0.99  diferentes
  [ 91]   41.95   42.21  0.92  guías
  [ 92]   42.27   42.99  0.99  espirituales
--- frase 12
  [ 93]   43.21   43.35  0.96  hay
  [ 94]   43.43   43.97  0.99  diferentes
  [ 95]   44.01   44.23  0.99  tipos
  [ 96]   44.27   44.33  0.99  de
  [ 97]   44.37   44.55  0.96  guías
--- frase 13
  [ 98]   44.61   45.27  0.99  espirituales
  [ 99]   46.09   46.41  0.99  están
--- frase 14
  [100]   46.73   47.41  0.99  primeramente
  [101]   47.87   47.89  0.99  y
  [102]   48.09   48.33  1.00  según
  [103]   48.35   48.39  0.99  mi
  [104]   48.45   49.39  0.95  experiencia
--- frase 15
  [105]   49.61   49.87  1.00  según
  [106]   49.91   49.99  1.00  lo
  [107]   50.03   50.09  0.99  que
  [108]   50.15   50.21  0.99  yo
  [109]   50.23   50.29  0.82  he
  [110]   50.33   50.67  1.00  podido
--- frase 16
  [111]   50.79   51.49  1.00  percibir
  [112]   51.76   51.77  0.99  y
  [113]   51.85   51.94  0.99  mi
  [114]   52.02   52.60  1.00  conexión
--- frase 17
  [115]   52.68   52.80  1.00  con
  [116]   52.84   52.92  0.99  el
  [117]   52.96   53.10  0.98  otro
  [118]   53.14   53.30  1.00  lado
  [119]   53.72   53.74  0.99  y
  [120]   53.78   53.82  0.99  mi
  [121]   53.88   54.30  1.00  conexión
  [122]   54.36   54.48  1.00  con
  [123]   54.52   54.78  0.94  ellos
--- frase 18
  [124]   54.92   55.00  1.00  que
  [125]   55.02   55.08  0.99  me
  [126]   55.14   55.54  0.99  trajeron
  [127]   55.58   55.78  0.99  aquí
--- frase 19
  [128]   56.24   56.30  0.83  el
  [129]   56.32   56.52  0.99  mundo
  [130]   56.54   56.60  0.98  de
  [131]   56.62   56.66  0.97  la
  [132]   56.70   57.32  0.77  espiritualidad
  [133]   59.54   59.64  0.57  los
  [134]   59.68   59.80  0.48  más
  [135]   59.84   60.38  0.81  cercanos
  [136]   61.02   61.18  0.96  los
  [137]   61.24   61.38  1.00  más
  [138]   61.46   62.12  0.96  inmediatos
  [139]   62.28   62.42  0.99  los
  [140]   62.50   62.58  1.00  que
  [141]   62.78   63.30  0.97  siempre
  [142]   63.36   63.62  1.00  están
  [143]   63.68   63.82  0.71  ahí
--- frase 20
  [144]   65.42   65.44  0.96  y
  [145]   65.62   65.89  0.97  hacen
  [146]   65.97   66.28  0.98  mucho
  [147]   67.06   67.23  0.97  por
  [148]   67.35   67.91  1.00  mandarnos
  [149]   67.95   68.29  0.99  señales
  [150]   68.31   68.35  0.87  de
  [151]   68.37   68.55  1.00  alguna
  [152]   68.59   68.79  1.00  forma
  [153]   69.51   69.75  1.00  suelen
  [154]   69.81   69.97  0.95  ser
  [155]   70.07   70.69  0.99  familiares
  [156]   71.47   71.95  0.55  abuelos
  [157]   72.15   72.69  0.47  abuelas
--- frase 21
  [158]   72.93   73.35  0.74  incluso
  [159]   74.01   74.49  0.76  bisabuelos
  [160]   74.57   74.59  0.92  o
  [161]   74.63   75.01  0.77  bisabuelas
  [162]   75.13   75.65  0.99  generaciones
  [163]   75.69   76.19  0.94  anteriores
  [164]   77.29   77.39  0.74  que
  [165]   78.11   78.23  0.99  una
  [166]   78.27   78.39  1.00  vez
  [167]   78.45   78.53  0.99  que
  [168]   78.59   79.05  0.93  fallecen
  [169]   79.33   79.39  0.97  de
  [170]   79.41   79.63  0.98  alguna
--- frase 22
  [171]   79.69   79.93  0.98  forma
  [172]   80.53   80.56  0.91  y
  [173]   81.00   81.14  0.69  con
  [174]   81.19   82.42  0.69  un
  [175]   82.44   82.52  0.98  una
  [176]   82.58   83.20  1.00  potencia
  [177]   84.22   84.30  0.99  de
  [178]   84.34   84.58  0.99  grado
  [179]   84.72   85.24  0.97  sanguíneo
  [180]   85.28   85.36  0.97  no
  [181]   85.52   85.68  1.00  como
  [182]   85.70   85.84  0.99  los
  [183]   85.88   86.16  0.95  abuelos
  [184]   86.20   86.34  0.99  son
  [185]   86.46   86.60  1.00  tan
  [186]   86.66   87.34  1.00  importantes
  [187]   87.70   87.86  0.99  son
  [188]   88.12   88.32  0.99  tan
--- frase 23
  [189]   89.20   89.62  0.99  figuras
  [190]   89.68   89.80  1.00  son
  [191]   89.88   90.20  0.85  pilares
  [192]   90.24   90.70  0.99  importantes
  [193]   90.72   90.76  0.96  en
  [194]   90.78   90.84  0.50  los
  [195]   90.84   91.08  0.95  grupos
  [196]   91.12   91.58  1.00  familiares
  [197]   91.96   91.98  1.00  y
  [198]   92.04   92.24  0.99  sobre
  [199]   92.28   92.42  0.99  todo
  [200]   92.46   92.52  0.96  en
  [201]   92.54   92.62  0.99  el
  [202]   92.64   92.82  0.99  otro
  [203]   92.86   93.12  1.00  plano
  [204]   94.40   94.58  0.98  ellos
--- frase 24
  [205]   94.62   94.72  0.99  se
  [206]   94.76   94.96  1.00  unen
  [207]   95.00   95.02  0.98  a
  [208]   95.06   95.56  0.99  nosotros
  [209]   95.97   96.25  0.98  durante
  [210]   96.28   96.36  0.98  un
  [211]   96.48   96.93  0.99  tiempo
  [212]   97.77   97.91  0.98  pero
  [213]   97.97   98.27  0.97  quizá
  [214]   98.53   98.65  1.00  hay
  [215]   98.71   98.89  0.98  una
  [216]   99.05   99.57  0.99  especie
  [217]   99.65   99.75  0.97  de
  [218]  100.53  101.17  0.91  posibilidad
  [219]  101.65  101.75  0.98  de
  [220]  102.83  103.25  0.99  tenerlos
  [221]  103.63  104.15  1.00  siempre
--- frase 25
  [222]  104.15  104.29  0.00  siempre ?
  [223]  104.29  104.37  0.99  que
  [224]  104.41  104.53  0.99  los
  [225]  104.59  105.29  1.00  necesitemos
  [226]  105.67  105.81  0.98  para
  [227]  105.85  106.05  0.99  temas
  [228]  106.09  106.57  0.99  importantes
  [229]  106.61  106.73  0.85  por
  [230]  106.77  107.19  0.98  supuesto
--- frase 26
  [231]  108.39  108.55  0.72  Nunca
  [232]  108.57  108.65  0.59  hay
  [233]  108.65  108.71  0.09  que ?
  [234]  108.73  109.07  0.65  olvidar
  [235]  109.19  109.29  0.71  que
  [236]  111.11  111.22  0.61  es
  [237]  111.52  111.70  0.83  bajo
  [238]  111.72  111.76  0.78  mi
  [239]  111.80  112.30  0.80  experiencia
  [240]  112.60  112.62  0.91  y
  [241]  112.66  112.72  0.96  que
  [242]  112.76  113.10  0.96  además
  [243]  113.76  113.84  0.97  es
  [244]  113.92  113.98  0.98  lo
  [245]  114.06  114.30  0.99  poco
  [246]  115.10  115.12  0.96  o
  [247]  115.16  115.22  0.99  lo
  [248]  115.28  115.56  1.00  mucho
  [249]  115.66  115.74  0.99  que
  [250]  115.78  115.84  0.99  me
  [251]  115.86  115.96  1.00  han
  [252]  116.00  116.10  0.99  ido
  [253]  116.14  116.64  0.99  enseñando
--- frase 27
  [254]  116.70  116.88  0.95  porque
  [255]  116.88  117.00  0.97  hay
  [256]  117.26  117.38  0.98  muy
  [257]  117.40  117.62  0.99  poca
  [258]  118.18  118.68  0.97  información
  [259]  119.04  119.34  0.98  veraz
  [260]  119.38  119.44  0.87  en
  [261]  119.46  119.60  0.97  este
  [262]  119.64  120.06  0.92  sentido
  [263]  120.74  120.88  0.97  cada
  [264]  120.88  120.98  0.99  uno
  [265]  121.00  121.12  0.96  tiene
  [266]  121.12  121.20  1.00  su
  [267]  121.22  121.44  0.99  propia
  [268]  121.48  122.02  0.98  experiencia
--- frase 28
  [269]  123.06  123.22  0.92  pero
  [270]  124.12  124.18  0.45  he
  [271]  124.24  124.36  0.94  ido
  [272]  124.97  125.58  1.00  documentando
  [273]  125.61  125.64  0.85  de
  [274]  125.67  125.84  0.99  alguna
  [275]  125.89  126.11  0.99  manera
  [276]  126.49  126.65  0.92  todo
  [277]  126.69  126.75  0.83  lo
  [278]  126.81  126.89  0.89  que
  [279]  127.73  127.77  0.31  he
  [280]  127.79  127.89  0.87  ido
  [281]  127.95  128.53  0.99  sintiendo
--- frase 29
  [282]  128.81  128.83  0.99  y
  [283]  128.91  129.13  0.99  cuando
  [284]  129.17  129.21  0.76  me
  [285]  129.23  129.27  0.78  he
  [286]  129.31  129.85  1.00  comunicado
  [287]  130.21  130.33  1.00  con
  [288]  130.37  130.93  1.00  familiares
  [289]  131.51  131.61  0.99  con
  [290]  131.63  132.15  0.97  fallecidos
  [291]  133.15  133.25  0.97  que
  [292]  133.59  133.67  0.99  me
  [293]  133.77  134.27  0.99  cuentan
  [294]  134.71  134.77  0.98  que
  [295]  134.83  134.99  0.99  son
  [296]  135.05  135.49  0.99  vuestros
  [297]  135.57  135.91  0.99  guías
--- frase 30
  [298]  136.33  136.39  0.99  lo
  [299]  136.41  136.49  0.99  que
  [300]  136.49  136.85  0.99  llamamos
  [301]  136.99  137.13  0.99  los
  [302]  137.17  137.49  0.96  ángeles
  [303]  137.51  137.57  0.76  de
  [304]  137.59  137.65  0.67  la
  [305]  137.71  137.99  0.42  guarda
  [306]  140.03  140.13  0.88  los
  [307]  140.18  140.38  0.89  ángeles
  [308]  140.38  140.41  0.74  de
  [309]  140.41  140.46  0.82  la
  [310]  140.46  140.66  0.89  guarda
  [311]  140.69  140.81  0.83  son
  [312]  140.84  141.14  0.72  nuestros
  [313]  141.18  141.58  0.80  abuelos
  [314]  141.62  141.90  0.77  nuestros
--- frase 31
  [315]  141.94  142.40  0.82  ancestros
  [316]  142.42  142.72  0.80  nuestros
  [317]  142.80  143.08  0.92  padres
  [318]  143.10  143.38  0.78  nuestras
  [319]  143.42  143.70  0.92  madres
  [320]  143.86  144.22  0.17  etcétera ?
  [321]  144.92  144.94  0.91  y
  [322]  145.42  145.48  0.96  de
  [323]  145.50  145.72  0.97  alguna
  [324]  145.78  146.02  0.94  forma
  [325]  147.20  147.48  0.91  están
  [326]  147.52  147.64  0.60  ahí
  [327]  149.92  150.54  0.86  sintiendo
  [328]  150.80  151.04  0.99  porque
  [329]  151.34  151.42  0.99  yo
--- frase 32
  [330]  151.46  151.62  1.00  creo
  [331]  151.64  151.70  1.00  que
  [332]  151.74  151.80  0.99  no
  [333]  151.86  152.02  1.00  nos
  [334]  152.08  152.24  0.98  ven
  [335]  152.68  152.82  1.00  como
  [336]  152.84  153.16  0.98  nosotros
  [337]  153.22  153.74  1.00  entendemos
  [338]  153.82  154.04  0.99  ver
  [339]  154.21  154.47  1.00  oír
  [340]  154.56  154.59  0.99  o
  [341]  154.65  154.76  0.91  ver
  [342]  154.82  154.99  0.99  todo
  [343]  155.00  155.09  1.00  lo
  [344]  155.10  155.16  1.00  que
  [345]  155.19  155.59  1.00  hacemos
  [346]  155.97  156.11  1.00  sino
  [347]  156.13  156.19  1.00  que
  [348]  156.19  156.27  0.99  hay
  [349]  156.29  156.43  0.99  una
--- frase 33
  [350]  156.43  156.81  0.00  Una ?
  [351]  156.81  157.31  1.00  conexión
  [352]  158.09  158.77  1.00  espiritual
  [353]  159.51  159.53  1.00  a
  [354]  159.57  159.79  0.99  nivel
  [355]  159.83  159.89  1.00  de
  [356]  159.97  160.71  0.96  sensación
  [357]  160.89  160.95  0.98  Yo
  [358]  160.99  161.15  1.00  creo
  [359]  161.17  161.25  0.92  que
  [360]  161.75  161.91  1.00  nos
  [361]  161.95  162.13  0.97  ven
  [362]  162.21  162.39  1.00  como
  [363]  162.49  163.09  0.98  energías
  [364]  163.21  163.23  1.00  y
  [365]  163.29  163.43  1.00  nos
  [366]  163.51  163.85  0.93  sienten
  [367]  163.89  164.01  1.00  como
  [368]  164.05  164.45  0.99  energías
  [369]  164.83  164.89  0.98  Es
  [370]  164.95  165.09  0.99  esa
  [371]  165.13  165.71  1.00  telepatía
  [372]  165.97  166.15  1.00  esa
  [373]  166.19  166.69  1.00  conexión
  [374]  167.11  167.19  1.00  que
  [375]  167.23  167.29  1.00  se
  [376]  167.35  167.59  1.00  siente
  [377]  167.65  167.87  0.99  cuando
  [378]  167.89  168.09  0.94  haces
  [379]  168.13  168.19  1.00  la
  [380]  168.23  168.59  0.96  sesión
  [381]  168.71  168.73  1.00  y
  [382]  168.77  168.83  1.00  te
  [383]  168.87  169.24  1.00  comunicas
  [384]  169.31  169.46  1.00  con
  [385]  169.47  169.56  0.99  el
  [386]  169.62  169.81  1.00  alma
  [387]  169.88  169.94  0.98  que
  [388]  169.97  170.07  0.99  está
  [389]  170.12  170.16  0.56  al
  [390]  170.18  170.29  0.92  otro
  [391]  170.34  170.52  1.00  lado
  [392]  171.14  171.54  1.00  Realmente
  [393]  171.58  171.66  1.00  no
  [394]  171.70  171.96  0.95  ves
  [395]  172.14  172.64  1.00  realmente
  [396]  173.70  173.78  0.99  no
  [397]  173.90  174.28  0.97  puedes
  [398]  174.62  174.88  1.00  incluso
  [399]  174.90  175.08  1.00  muchas
  [400]  175.10  175.38  0.98  veces
  [401]  175.96  176.40  0.98  distinguir
  [402]  176.48  176.76  1.00  muchas
  [403]  176.82  177.20  1.00  cosas
  [404]  177.66  177.82  0.97  pero
  [405]  177.94  178.42  1.00  sientes
  [406]  178.48  178.64  1.00  esa
  [407]  178.68  179.12  1.00  energía
  [408]  179.18  179.26  1.00  que
  [409]  179.32  179.38  1.00  te
  [410]  179.42  179.66  0.94  habla
--- frase 34
  [411]  180.12  180.24  0.94  Pues
  [412]  180.30  180.52  0.98  ellos
  [413]  180.70  180.72  0.98  a
  [414]  180.78  181.12  0.99  nosotros
  [415]  181.18  181.32  0.99  nos
  [416]  181.34  181.46  0.98  ven
  [417]  181.50  181.56  0.99  de
  [418]  181.60  181.64  0.99  la
  [419]  181.68  181.92  0.99  misma
  [420]  182.00  182.28  1.00  forma
  [421]  182.84  183.06  0.92  Ellos
  [422]  184.71  184.81  1.00  se
  [423]  184.91  185.09  0.99  unen
  [424]  185.15  185.17  0.99  a
  [425]  185.21  185.63  1.00  nosotros
  [426]  185.73  185.75  0.99  y
  [427]  185.81  185.89  0.99  en
  [428]  185.93  186.31  0.99  muchas
  [429]  186.95  187.31  0.99  sesiones
  [430]  188.23  188.29  0.97  me
  [431]  188.31  188.37  0.91  lo
  [432]  188.37  188.45  0.99  han
  [433]  188.51  188.99  0.99  enseñado
  [434]  189.11  189.13  0.99  y
  [435]  189.17  189.23  0.96  me
  [436]  189.25  189.29  0.98  lo
  [437]  189.31  189.39  0.98  han
  [438]  189.39  189.57  1.00  dicho
  [439]  189.61  189.75  0.99  así
  [440]  192.11  192.19  0.99  se
  [441]  192.25  192.43  0.97  unen
  [442]  192.47  192.49  0.97  a
  [443]  192.55  192.91  0.96  nosotros
  [444]  193.05  193.07  0.98  y
  [445]  193.15  193.17  0.98  a
  [446]  193.21  193.61  0.99  nuestros
  [447]  193.73  194.09  1.00  hijos
  [448]  194.41  194.43  0.97  a
  [449]  194.47  194.83  0.99  nuestras
  [450]  195.75  196.35  1.00  generaciones
  [451]  196.41  196.95  0.98  siguientes
--- frase 35
  [452]  197.83  197.91  1.00  Se
  [453]  197.97  198.15  0.99  unen
  [454]  198.17  198.23  0.58  de
  [455]  198.23  198.33  0.98  una
  [456]  198.41  198.68  0.99  forma
  [457]  199.56  199.75  0.97  como
  [458]  199.98  200.00  0.94  a
  [459]  200.06  200.26  0.96  modo
  [460]  200.30  200.40  0.70  de
  [461]  200.72  200.96  1.00  ángel
  [462]  200.98  201.02  0.99  de
  [463]  201.06  201.10  0.98  la
  [464]  201.16  201.42  0.99  guarda
  [465]  201.58  201.68  0.97  que
  [466]  201.78  201.92  0.96  es
  [467]  203.82  203.92  0.73  una
  [468]  203.94  204.26  0.99  ayuda
  [469]  204.38  204.44  0.99  un
  [470]  204.48  205.06  0.99  acompañamiento
  [471]  205.18  205.80  0.99  constante
  [472]  206.00  206.02  0.98  o
  [473]  207.12  207.30  1.00  más
  [474]  207.38  207.84  1.00  posible
  [475]  208.30  208.40  0.96  que
  [476]  208.50  208.80  0.86  estén
  [477]  208.86  209.06  1.00  cada
  [478]  209.10  209.20  1.00  vez
  [479]  209.26  209.32  0.99  que
  [480]  209.36  209.44  0.99  los
  [481]  209.50  210.10  0.82  necesitemos
--- frase 36
  [482]  212.44  212.56  0.99  Son
  [483]  212.60  212.84  0.99  almas
  [484]  212.88  213.50  1.00  increíbles
  [485]  213.82  213.84  0.96  y
  [486]  214.71  214.79  0.98  es
  [487]  214.83  214.97  0.99  como
  [488]  215.03  215.11  0.62  si
  [489]  215.11  215.39  0.96  hicieran
  [490]  215.45  215.51  0.99  un
  [491]  215.59  216.29  0.99  compromiso
  [492]  216.35  216.45  0.99  una
  [493]  216.49  216.79  0.98  especie
  [494]  216.83  216.89  1.00  de
  [495]  216.93  217.55  1.00  compromiso
  [496]  219.07  219.13  0.98  de
  [497]  219.17  219.63  0.97  protegernos
  [498]  219.65  219.69  0.94  a
  [499]  219.71  220.13  0.99  nosotros
  [500]  220.33  220.35  0.99  o
  [501]  220.67  220.69  0.98  a
  [502]  220.73  221.05  0.99  nuestros
  [503]  221.07  221.33  0.97  hijos
--- frase 37
  [504]  223.17  223.45  0.99  ellos
  [505]  224.81  225.07  0.99  están
  [506]  225.95  226.83  1.00  incondicionalmente
--- frase 38
  [507]  226.97  227.09  0.99  nos
  [508]  227.13  227.73  0.98  acompañan
  [509]  228.03  228.06  0.99  y
  [510]  228.47  228.56  0.99  en
  [511]  228.62  228.69  1.00  mi
  [512]  228.79  229.09  1.00  caso
--- frase 39
  [513]  229.56  229.60  0.77  y
  [514]  229.68  229.74  0.99  mi
  [515]  229.80  230.40  0.94  experiencia
  [516]  230.62  230.78  1.00  es
  [517]  230.90  231.00  0.97  que
  [518]  231.34  231.42  0.99  en
  [519]  231.46  231.58  1.00  los
  [520]  231.60  231.96  1.00  momentos
  [521]  232.00  232.14  1.00  más
  [522]  232.20  232.80  1.00  importantes
--- frase 40
  [523]  232.82  232.88  1.00  de
  [524]  232.92  232.98  1.00  mi
  [525]  233.04  233.22  1.00  vida
  [526]  234.02  234.04  0.99  o
  [527]  234.10  234.30  1.00  cuando
  [528]  234.46  235.28  0.99  verdaderamente
--- frase 41
  [529]  236.24  236.32  1.00  lo
  [530]  236.38  236.98  1.00  necesitas
  [531]  237.16  237.18  1.00  y
  [532]  237.24  237.30  1.00  no
  [533]  237.38  237.58  1.00  solo
  [534]  237.62  237.76  1.00  para
  [535]  237.80  237.96  1.00  saber
  [536]  237.98  238.06  0.98  que
  [537]  238.08  238.22  0.79  están
  [538]  238.26  238.36  0.62  ahí
--- frase 42
  [539]  238.94  239.16  0.93  porque
  [540]  239.40  239.52  0.95  hay
  [541]  239.58  239.66  0.99  un
  [542]  240.00  240.64  0.91  acontecimiento
  [543]  240.82  241.24  1.00  cercano
--- frase 43
  [544]  241.82  241.84  0.99  o
  [545]  242.04  242.14  0.99  un
  [546]  242.18  242.50  1.00  momento
  [547]  242.54  242.58  0.91  en
  [548]  242.60  242.71  0.95  el
  [549]  242.75  242.82  0.99  que
  [550]  242.84  243.04  0.96  tienes
  [551]  243.06  243.12  1.00  que
  [552]  243.16  243.34  0.99  tomar
  [553]  243.34  243.43  0.87  una
  [554]  243.47  243.91  1.00  decisión
  [555]  244.15  244.81  1.00  crucial
--- frase 44
  [556]  245.47  245.49  1.00  o
  [557]  245.71  246.37  1.00  situaciones
  [558]  247.77  247.85  1.00  de
  [559]  247.93  248.33  0.99  riesgo
--- frase 45
  [560]  248.59  248.61  0.99  o
  [561]  248.67  248.73  0.99  de
  [562]  248.83  249.27  1.00  mucha
  [563]  249.31  250.09  1.00  importancia
--- frase 46
  [564]  250.79  250.89  0.96  hay
  [565]  250.91  251.01  0.94  una
  [566]  251.05  251.41  1.00  especie
  [567]  251.47  251.55  1.00  de
  [568]  251.73  252.33  1.00  permiso
  [569]  252.45  252.51  1.00  que
  [570]  252.57  252.65  0.97  se
  [571]  252.69  252.83  1.00  les
  [572]  252.87  252.97  1.00  da
  [573]  253.75  254.01  0.99  desde
  [574]  254.03  254.07  0.52  el
  [575]  254.11  254.25  1.00  otro
  [576]  254.31  254.51  1.00  lado
  [577]  255.87  256.09  1.00  para
  [578]  257.11  257.75  1.00  prestarnos
  [579]  257.95  258.13  1.00  esa
  [580]  258.24  258.83  1.00  compañía
  [581]  259.44  259.62  1.00  esa
  [582]  259.70  260.28  0.99  claridad
  [583]  261.44  261.46  0.98  o
  [584]  262.10  262.58  0.93  esa
  [585]  262.68  262.94  0.94  guía
  [586]  263.48  263.70  0.99  porque
  [587]  263.74  263.90  1.00  nunca
  [588]  263.94  264.06  1.00  nos
  [589]  264.10  264.36  1.00  pueden
  [590]  264.40  264.74  1.00  decir
  [591]  265.48  265.54  0.99  lo
  [592]  265.58  265.64  1.00  que
  [593]  265.68  265.96  0.97  queremos
  [594]  266.00  266.42  0.98  saber
  [595]  266.62  266.84  1.00  nunca
  [596]  266.92  267.22  0.99  pueden
  [597]  267.78  268.36  1.00  interferir
  [598]  268.60  268.68  0.99  en
  [599]  268.74  269.02  1.00  nuestro
  [600]  269.04  269.46  1.00  destino
  [601]  270.02  270.08  0.28  ni ?
  [602]  270.12  270.26  0.25  para ?
  [603]  270.28  270.42  0.31  bien
  [604]  270.44  270.48  0.26  ni ?
  [605]  270.52  270.66  0.53  para
  [606]  270.70  270.88  0.42  mal
--- frase 47
  [607]  271.66  271.78  0.95  pero
  [608]  271.78  271.82  0.43  de
  [609]  271.82  272.04  0.99  alguna
  [610]  272.10  272.32  1.00  forma
  [611]  272.38  272.67  0.99  pueden
  [612]  272.79  273.52  0.95  guiarnos
  [613]  273.65  273.67  0.99  o
  [614]  273.71  273.97  1.00  darnos
  [615]  274.15  274.35  1.00  ese
  [616]  274.41  274.79  0.98  apoyo
  [617]  275.61  275.63  0.99  a
  [618]  275.71  275.93  0.99  modo
  [619]  275.99  276.09  0.99  de
  [620]  276.79  277.17  1.00  saber
  [621]  277.49  277.55  0.99  qué
  [622]  277.59  277.63  0.99  es
  [623]  277.67  277.73  1.00  lo
  [624]  277.75  277.81  1.00  que
  [625]  277.83  278.05  0.99  tenemos
  [626]  278.07  278.13  0.99  que
--- frase 48
  [627]  278.15  278.47  1.00  hacer
  [628]  278.71  278.73  1.00  o
  [629]  279.19  279.85  1.00  soluciones
  [630]  279.89  279.97  1.00  que
  [631]  280.01  280.07  1.00  se
  [632]  280.11  280.23  1.00  nos
  [633]  280.29  280.65  0.97  ocurren
  [634]  281.27  281.29  1.00  y
  [635]  281.35  281.67  1.00  pensamos
  [636]  281.69  281.75  1.00  que
  [637]  281.79  281.99  1.00  somos
  [638]  282.03  282.45  1.00  nosotros
  [639]  282.47  282.53  0.98  no
  [640]  282.61  282.83  1.00  muchas
  [641]  282.85  283.17  1.00  veces
  [642]  283.65  283.95  0.96  decimos
  [643]  283.99  284.15  0.96  oye
--- frase 49
  [644]  284.67  285.09  0.87  abuelita
  [645]  285.15  285.45  0.84  abuelo
  [646]  285.57  285.95  0.99  ayúdame
  [647]  286.01  286.13  0.99  por
  [648]  286.17  286.41  1.00  favor
  [649]  286.49  286.61  1.00  con
  [650]  286.67  286.92  0.99  esto
  [651]  287.75  288.12  0.96  mándame
  [652]  288.19  288.44  0.95  tal
  [653]  288.60  288.88  0.96  mándame
  [654]  288.94  289.12  0.97  cual
  [655]  289.30  289.32  0.99  y
  [656]  289.64  289.84  0.98  bueno
  [657]  289.88  290.02  0.96  pues
  [658]  290.06  290.12  0.98  se
  [659]  290.16  290.42  0.97  arregla
  [660]  290.46  290.50  0.54  el
  [661]  290.54  290.64  1.00  día
--- frase 50
  [662]  290.70  291.18  0.95  siguiente
  [663]  291.34  291.36  0.98  o
  [664]  291.42  291.62  1.00  antes
  [665]  291.66  291.72  0.99  de
  [666]  291.76  291.84  1.00  que
  [667]  291.88  292.24  1.00  suceda
  [668]  293.16  293.86  0.98  desaparece
  [669]  294.46  294.48  0.97  o
  [670]  294.62  294.96  0.15  etcétera ?
  [671]  294.98  295.34  0.01  etcétera ?
  [672]  295.38  295.64  0.99  depende
  [673]  295.66  295.72  0.68  de
  [674]  295.72  295.78  0.99  la
  [675]  295.84  296.22  0.98  situación
  [676]  296.24  296.32  0.98  no
--- frase 51
  [677]  297.10  297.22  0.99  pero
  [678]  297.24  297.30  0.84  en
  [679]  297.32  297.58  1.00  muchos
  [680]  297.66  298.12  1.00  casos
  [681]  298.34  298.40  0.96  en
  [682]  298.46  299.12  1.00  muchísimos
  [683]  299.30  299.32  0.92  y
  [684]  299.40  299.46  0.97  yo
  [685]  299.52  299.58  0.99  lo
  [686]  299.60  299.74  0.98  veo
  [687]  299.78  299.82  0.88  en
  [688]  299.86  299.98  0.99  las
  [689]  300.00  300.40  0.54  sesiones
  [690]  300.46  300.76  0.42  medium
  [691]  301.88  302.23  0.85  ellos
  [692]  303.17  303.35  1.00  nos
  [693]  303.41  303.77  1.00  ayudan
  [694]  303.89  303.91  1.00  y
  [695]  303.97  304.09  1.00  nos
--- frase 52
  [696]  304.11  304.23  0.91  dan
  [697]  304.27  304.43  0.99  ese
  [698]  304.49  304.85  0.98  apoyo
  [699]  304.91  305.85  1.00  espiritual
  [700]  306.29  306.31  0.97  a
  [701]  306.37  306.57  0.98  modo
  [702]  306.63  306.71  0.98  de
  [703]  306.87  307.15  0.90  guía
  [704]  307.89  308.05  0.99  para
  [705]  308.13  308.23  0.99  que
  [706]  308.63  309.33  0.96  vayamos
  [707]  309.53  309.71  0.91  por
  [708]  309.75  309.87  0.95  el
  [709]  310.37  310.85  0.97  camino
  [710]  312.41  312.61  0.21  pues ?
  [711]  313.27  313.39  0.76  por
  [712]  313.41  313.47  0.82  el
  [713]  313.49  313.55  0.92  que
  [714]  313.59  313.89  0.89  tenemos
  [715]  313.91  313.99  0.65  que
--- frase 53
  [716]  314.05  314.13  0.44  ir
  [717]  315.31  315.55  0.99  muchas
  [718]  315.59  315.85  1.00  veces
  [719]  315.89  315.95  0.96  en
  [720]  315.97  316.21  0.84  muchas
  [721]  316.56  317.07  1.00  ocasiones
  [722]  317.68  318.02  0.99  también
  [723]  318.12  318.40  0.98  pues
  [724]  319.28  319.36  0.98  hay
  [725]  319.40  319.90  1.00  personas
  [726]  320.58  320.60  0.98  y
  [727]  320.64  320.72  0.99  es
  [728]  320.86  320.98  0.99  muy
  [729]  321.04  321.42  1.00  normal
  [730]  323.42  323.48  0.94  el
  [731]  323.52  323.56  0.93  no
  [732]  323.60  323.86  0.86  entender
  [733]  323.86  323.92  0.00  por ?
--- frase 54
  [734]  323.92  324.12  0.83  porque
  [735]  324.16  324.70  1.00  permiten
  [736]  324.78  324.86  1.00  que
  [737]  324.90  325.28  1.00  sucedan
  [738]  325.38  325.74  1.00  cosas
  [739]  325.86  325.88  0.99  o
  [740]  325.92  326.42  1.00  desgracias
  [741]  326.46  326.50  0.99  en
  [742]  326.54  326.66  0.99  las
  [743]  326.68  327.12  1.00  familias
--- frase 55
  [744]  327.54  327.64  0.95  Pero
  [745]  327.66  327.72  0.48  ahí
  [746]  327.76  328.02  0.97  tenemos
  [747]  328.04  328.10  0.87  que
  [748]  328.12  328.30  0.98  hablar
  [749]  328.34  328.44  0.88  del
  [750]  328.50  328.70  0.60  libre
  [751]  328.80  329.24  0.11  albedrío ?
--- frase 56
  [752]  330.04  330.12  0.60  El
  [753]  330.14  330.28  0.60  libre
  [754]  330.32  330.76  0.53  albedrío
  [755]  331.67  331.88  0.86  como
  [756]  332.25  332.50  0.98  bien
  [757]  332.71  332.97  0.96  todos
  [758]  333.03  333.49  0.96  sabemos
--- frase 57
  [759]  334.71  334.89  0.90  es
  [760]  335.01  335.11  0.92  que
  [761]  335.39  335.49  0.99  hay
  [762]  335.51  335.61  0.99  una
  [763]  335.63  335.91  0.99  especie
  [764]  335.93  336.01  0.99  de
  [765]  336.05  336.57  0.99  contrato
  [766]  338.67  338.79  0.99  no
  [767]  339.25  339.83  0.98  plasmado
  [768]  339.91  340.07  0.97  pero
  [769]  340.17  340.27  1.00  sí
  [770]  340.35  341.17  0.98  existente
--- frase 58
  [771]  342.13  342.43  0.99  donde
  [772]  342.99  343.09  1.00  no
  [773]  343.17  343.43  0.99  pueden
  [774]  343.47  344.03  1.00  interferir
  [775]  344.35  344.45  0.96  en
  [776]  345.17  345.23  0.96  lo
  [777]  345.27  345.35  0.99  que
  [778]  345.39  345.59  0.98  tenga
  [779]  345.63  345.69  1.00  que
  [780]  345.73  346.30  1.00  ocurrirnos
--- frase 59
  [781]  346.45  346.48  1.00  o
  [782]  346.51  346.57  0.98  el
  [783]  346.60  347.07  0.99  aprendizaje
  [784]  347.12  347.21  0.92  por
  [785]  347.21  347.27  0.95  el
  [786]  347.30  347.36  1.00  que
  [787]  347.40  347.70  0.97  tengamos
  [788]  347.74  347.80  0.96  que
  [789]  347.80  348.22  0.98  atravesar
--- frase 60
  [790]  348.70  349.00  1.00  Nosotros
  [791]  349.04  349.28  0.99  vemos
  [792]  349.34  349.40  0.99  la
  [793]  349.44  349.62  1.00  vida
  [794]  350.08  350.28  0.83  como
  [795]  350.72  350.80  0.99  si
  [796]  350.90  351.14  0.99  esto
  [797]  351.22  351.44  0.94  fuese
  [798]  351.50  351.58  0.99  lo
  [799]  351.72  352.04  1.00  único
--- frase 61
  [800]  352.64  352.66  0.98  o
  [801]  352.86  353.06  0.99  como
  [802]  353.22  353.34  0.99  si
  [803]  353.68  353.86  0.90  el
  [804]  353.94  354.06  1.00  ser
  [805]  354.08  354.38  0.93  humano
  [806]  354.62  354.80  0.99  es
  [807]  355.88  355.94  0.98  lo
  [808]  356.00  356.22  1.00  único
  [809]  356.26  356.34  0.83  que
  [810]  356.36  356.78  0.91  existe
  [811]  356.96  357.02  0.98  no
  [812]  357.04  357.12  0.96  hay
  [813]  357.18  357.36  1.00  nada
  [814]  357.40  357.62  1.00  más
  [815]  358.02  358.16  0.99  pero
  [816]  358.34  358.50  1.00  para
  [817]  358.56  358.72  0.75  nada
  [818]  358.72  358.82  0.99  es
  [819]  358.86  359.02  0.99  así
  [820]  359.60  360.12  0.97  realmente
  [821]  360.32  360.40  0.86  no
  [822]  360.48  360.79  0.77  somos
  [823]  360.87  361.35  0.85  humanos
  [824]  362.08  362.37  0.95  realmente
  [825]  362.41  362.63  0.97  somos
  [826]  362.85  363.27  1.00  almas
  [827]  364.41  364.85  0.99  viviendo
  [828]  365.13  365.21  0.99  en
  [829]  365.25  365.33  0.99  un
  [830]  365.45  365.79  1.00  cuerpo
  [831]  366.01  366.03  0.99  y
  [832]  366.09  366.17  0.99  en
  [833]  366.21  366.29  0.99  un
  [834]  366.41  366.71  1.00  mundo
  [835]  366.97  367.47  1.00  material
  [836]  367.65  367.89  0.99  viviendo
  [837]  367.89  367.99  0.87  una
  [838]  368.03  368.87  0.99  experiencia
  [839]  369.35  369.43  0.98  en
  [840]  369.49  369.57  0.98  un
  [841]  369.67  370.03  0.96  cuerpo
  [842]  370.13  370.15  0.99  y
  [843]  370.19  370.25  0.98  un
  [844]  370.27  370.43  0.99  mundo
  [845]  370.47  370.81  1.00  material
--- frase 62
  [846]  370.95  371.21  1.00  Tenemos
  [847]  371.23  371.29  1.00  que
  [848]  371.31  371.45  0.99  tener
  [849]  371.47  371.53  0.99  un
  [850]  371.57  371.83  1.00  cuerpo
  [851]  371.89  372.29  1.00  material
  [852]  372.35  372.53  1.00  porque
  [853]  372.57  372.65  1.00  si
  [854]  372.67  372.75  0.99  no
  [855]  372.79  372.87  0.99  no
  [856]  372.93  373.37  1.00  podríamos
  [857]  373.39  373.57  0.99  vivir
  [858]  373.61  373.73  0.99  esta
  [859]  373.77  374.29  0.99  experiencia
  [860]  374.81  375.13  0.98  Entonces
  [861]  375.45  375.51  0.98  se
  [862]  375.56  375.65  1.00  nos
  [863]  375.68  375.94  0.86  olvida
  [864]  376.42  376.48  1.00  que
  [865]  376.54  376.86  0.97  realmente
  [866]  376.89  376.94  0.99  la
  [867]  377.00  377.52  0.97  importancia
  [868]  377.56  377.62  0.89  es
  [869]  377.76  377.84  1.00  el
  [870]  377.88  378.08  1.00  alma
  [871]  378.38  378.40  1.00  y
  [872]  378.46  378.54  0.99  no
  [873]  378.60  378.68  0.99  es
  [874]  378.76  378.82  0.99  la
  [875]  378.90  379.20  0.99  funda
  [876]  379.34  379.42  0.99  el
  [877]  379.48  379.76  0.98  cuerpo
  [878]  381.54  381.76  0.95  Ellos
  [879]  381.84  381.92  1.00  lo
  [880]  381.98  382.14  0.99  ven
  [881]  382.24  382.30  0.67  de
  [882]  382.34  382.50  0.98  esa
  [883]  382.62  383.02  0.98  realidad
  [884]  383.22  383.26  0.52  de
  [885]  383.28  383.46  0.95  esa
  [886]  383.54  383.84  1.00  manera
  [887]  384.38  384.50  1.00  Por
  [888]  384.52  384.72  1.00  eso
  [889]  384.90  385.18  1.00  muchas
  [890]  385.22  385.58  1.00  veces
  [891]  385.82  385.92  1.00  si
  [892]  386.02  386.12  0.94  el
  [893]  386.18  386.50  1.00  camino
  [894]  386.54  386.64  1.00  del
  [895]  386.68  386.90  1.00  alma
  [896]  387.02  387.08  1.00  es
  [897]  387.12  387.20  1.00  un
  [898]  387.24  387.56  1.00  camino
  [899]  387.66  388.00  1.00  corto
  [900]  388.54  388.88  1.00  pues
  [901]  389.86  390.02  1.00  tiene
  [902]  390.04  390.12  0.94  que
  [903]  390.14  390.26  1.00  ser
  [904]  390.31  390.49  0.99  así
  [905]  391.02  391.26  1.00  porque
  [906]  391.31  391.38  0.66  ese
  [907]  391.44  391.62  0.99  alma
  [908]  391.71  391.79  0.99  ya
  [909]  391.85  391.91  0.99  lo
  [910]  391.97  392.31  1.00  pactó
  [911]  392.65  392.67  0.90  o
  [912]  392.73  393.07  0.94  porque
  [913]  394.07  394.17  0.98  es
  [914]  394.23  394.49  1.00  mejor
  [915]  394.53  394.61  0.33  así
--- frase 63
  [916]  394.63  394.73  1.00  si
  [917]  394.85  394.91  0.99  de
  [918]  394.93  395.19  0.98  alguna
  [919]  395.27  395.55  1.00  forma
  [920]  395.97  396.05  0.99  el
  [921]  396.07  396.73  1.00  aprendizaje
  [922]  397.11  397.13  0.99  o
  [923]  397.15  397.21  0.99  lo
  [924]  397.25  397.31  1.00  que
  [925]  397.33  397.43  0.67  ese
  [926]  397.47  397.67  0.98  alma
  [927]  397.73  397.93  0.99  vino
  [928]  398.05  398.07  0.99  a
  [929]  398.17  398.73  0.98  enseñar
  [930]  399.45  399.63  0.97  está
  [931]  399.69  400.13  1.00  cumplido
--- frase 64
  [932]  400.29  400.35  1.00  la
  [933]  400.39  400.63  1.00  misión
  [934]  400.67  400.79  0.94  está
  [935]  400.83  401.23  0.96  cumplida
--- frase 65
  [936]  402.47  402.81  0.98  Realmente
  [937]  402.81  402.89  0.73  hay
  [938]  402.89  402.97  0.86  que
  [939]  402.99  403.23  0.92  vernos
  [940]  403.27  403.45  0.99  como
  [941]  403.51  403.77  0.99  almas
  [942]  403.93  403.95  0.99  y
  [943]  403.99  404.05  0.99  no
  [944]  404.11  404.25  0.99  como
  [945]  404.33  404.69  0.72  cuerpos
--- frase 66
  [946]  404.85  405.06  0.99  aunque
  [947]  405.15  405.51  0.99  creamos
  [948]  405.60  405.68  0.99  que
  [949]  405.80  406.04  0.99  somos
  [950]  406.07  406.46  0.83  cuerpos
--- frase 67
  [951]  409.54  409.64  0.98  Los
  [952]  409.66  409.82  0.92  guías
  [953]  409.86  410.58  0.99  espirituales
  [954]  411.10  411.12  0.95  o
  [955]  411.48  411.78  0.99  ángeles
  [956]  411.80  411.84  0.99  de
  [957]  411.88  411.94  0.98  la
  [958]  412.00  412.28  0.92  guarda
  [959]  412.42  412.48  0.99  de
  [960]  412.50  412.72  0.94  nuestros
  [961]  412.74  412.94  0.99  seres
  [962]  412.98  413.36  1.00  queridos
--- frase 68
  [963]  413.92  414.26  0.97  siempre
  [964]  414.50  414.72  0.99  velan
  [965]  414.74  414.84  1.00  por
  [966]  414.88  415.40  1.00  nosotros
--- frase 69
  [967]  416.26  416.36  0.99  Las
  [968]  416.38  416.82  0.99  sesiones
  [969]  416.88  416.90  0.99  a
  [970]  416.92  416.98  0.92  mí
  [971]  417.02  417.08  0.95  me
  [972]  417.12  417.46  1.00  muestran
  [973]  417.54  417.60  0.99  que
  [974]  417.64  417.88  1.00  están
  [975]  417.96  418.28  1.00  cerca
  [976]  418.74  418.82  0.53  que
  [977]  418.84  419.02  0.99  están
  [978]  419.06  419.16  0.93  al
  [979]  419.22  419.42  0.99  lado
--- frase 70
  [980]  419.81  419.88  0.99  que
  [981]  419.90  419.99  0.99  nos
  [982]  420.00  420.26  0.77  cogen
  [983]  420.29  420.35  0.94  de
  [984]  420.37  420.43  0.96  la
  [985]  420.46  420.67  0.95  mano
  [986]  421.57  421.59  0.97  y
  [987]  421.69  421.75  0.91  en
  [988]  421.79  422.01  1.00  muchas
  [989]  422.05  422.41  1.00  ocasiones
  [990]  422.45  422.73  0.97  también
--- frase 71
  [991]  423.19  423.27  0.99  que
  [992]  423.31  423.45  0.98  nos
  [993]  424.21  424.37  0.93  ven
  [994]  424.43  424.81  1.00  mientras
  [995]  424.87  425.43  1.00  dormimos
  [996]  425.49  425.59  1.00  no
  [997]  425.63  425.67  0.50  es
  [998]  425.73  425.87  1.00  como
  [999]  425.91  425.99  0.96  si
  [1000]  426.03  426.57  1.00  estuviesen
  [1001]  426.81  426.83  0.99  a
  [1002]  426.89  427.19  0.98  nuestro
  [1003]  427.23  427.39  1.00  lado
  [1004]  427.57  428.51  0.98  protegiéndonos
--- frase 72
  [1005]  428.89  429.23  1.00  mientras
  [1006]  429.27  429.73  1.00  dormimos
  [1007]  429.85  430.35  0.99  velando
  [1008]  430.45  430.85  1.00  cuidando
  [1009]  431.73  431.81  0.99  de
  [1010]  431.87  432.27  0.99  nosotros
  [1011]  432.37  432.43  0.99  en
  [1012]  432.47  432.57  0.99  los
  [1013]  432.63  432.91  1.00  sueños
  [1014]  433.03  433.05  0.98  y
  [1015]  433.11  433.21  0.96  por
  [1016]  433.23  433.31  0.98  qué
  [1017]  433.35  433.63  0.99  sucede
  [1018]  433.71  433.89  0.96  esto
  [1019]  434.50  434.57  0.80  en
  [1020]  434.57  434.63  0.96  el
  [1021]  434.65  434.83  0.98  mundo
--- frase 73
  [1022]  434.86  434.89  0.97  de
  [1023]  434.94  435.04  0.98  los
  [1024]  435.07  435.45  0.98  sueños
  [1025]  436.52  436.68  0.95  es
  [1026]  436.80  437.00  0.94  donde
  [1027]  437.06  437.42  0.45  nuestro
  [1028]  438.08  438.26  0.85  esta
  [1029]  438.30  439.14  0.95  consciencia
  [1030]  439.90  439.92  0.93  o
  [1031]  439.98  440.26  0.96  nuestro
  [1032]  440.32  440.54  0.98  alma
  [1033]  440.90  441.42  0.96  viaja
  [1034]  444.16  444.18  0.95  y
  [1035]  444.28  444.36  0.94  se
  [1036]  444.42  444.64  0.99  abre
  [1037]  444.88  444.90  0.98  a
  [1038]  445.04  445.56  0.99  mundos
  [1039]  446.52  446.70  0.86  muy
  [1040]  447.32  447.44  0.99  sin
--- frase 74
  [1041]  447.48  447.96  0.97  explorar
  [1042]  448.02  448.10  0.97  no
  [1043]  448.54  448.64  0.90  hay
  [1044]  448.68  448.74  0.92  un
  [1045]  448.86  449.10  0.99  poco
  [1046]  449.16  449.25  0.99  de
  [1047]  449.32  449.55  0.99  todo
  [1048]  449.81  449.82  0.99  o
  [1049]  449.87  450.20  1.00  depende
  [1050]  450.23  450.29  0.99  de
  [1051]  450.32  450.37  0.99  la
  [1052]  450.40  450.87  0.99  vibración
  [1053]  450.91  450.97  0.99  que
  [1054]  451.03  451.47  0.99  tengamos
  [1055]  451.95  452.29  1.00  podemos
  [1056]  452.35  452.75  0.99  movernos
  [1057]  452.79  452.91  0.99  por
  [1058]  452.95  453.11  1.00  unos
--- frase 75
  [1059]  453.15  453.55  1.00  lugares
  [1060]  453.73  453.75  0.99  o
  [1061]  453.79  453.91  0.99  por
  [1062]  453.95  454.23  0.99  otros
  [1063]  454.81  454.83  0.99  y
  [1064]  454.89  455.11  0.94  ellos
  [1065]  455.19  455.47  1.00  cuidan
  [1066]  455.49  455.55  0.99  de
  [1067]  455.59  456.07  1.00  nosotros
  [1068]  456.37  456.63  0.98  tenemos
  [1069]  456.67  456.75  0.99  que
  [1070]  456.83  457.13  1.00  saber
  [1071]  457.59  457.67  0.94  en
  [1072]  457.67  457.73  0.99  el
  [1073]  457.75  457.89  0.83  mundo
  [1074]  457.95  458.07  0.99  las
  [1075]  458.11  458.53  1.00  energías
  [1076]  458.59  458.75  0.81  están
--- frase 76
  [1077]  458.75  458.85  0.99  las
  [1078]  458.87  459.31  0.97  energías
  [1079]  459.53  459.59  0.98  de
  [1080]  459.63  459.81  0.99  luz
  [1081]  460.15  460.17  0.95  y
  [1082]  460.23  460.39  0.79  están
  [1083]  460.39  460.49  0.85  las
  [1084]  460.51  460.89  0.90  energías
  [1085]  461.87  461.97  0.94  son
  [1086]  462.01  462.05  0.96  lo
  [1087]  462.09  462.41  0.99  contrario
  [1088]  462.43  462.47  0.98  de
  [1089]  462.49  462.55  0.98  la
  [1090]  462.59  462.73  0.99  luz
  [1091]  463.39  463.79  0.99  entonces
  [1092]  464.36  464.44  0.65  un
  [1093]  464.45  464.68  0.98  poco
  [1094]  464.88  465.12  0.96  nuestro
  [1095]  465.15  465.33  1.00  alma
--- frase 77
  [1096]  465.96  466.20  0.76  puede
  [1097]  466.24  466.66  1.00  viajar
  [1098]  467.78  467.94  0.94  os
  [1099]  468.00  468.16  0.95  puede
  [1100]  468.22  468.34  0.99  ser
  [1101]  468.40  468.96  0.99  conducido
  [1102]  469.32  469.38  0.65  un
  [1103]  469.42  469.66  0.97  poco
  [1104]  471.12  471.24  0.84  por
  [1105]  471.32  471.82  0.73  ciertos
  [1106]  472.20  472.66  0.95  lugares
  [1107]  472.80  472.82  0.73  o
  [1108]  472.94  473.36  0.53  ciertos
  [1109]  475.42  475.68  0.98  digamos
  [1110]  475.72  476.32  0.98  dimensiones
--- frase 78
  [1111]  476.92  476.98  1.00  que
  [1112]  477.02  477.20  0.81  pueden
  [1113]  477.24  477.36  1.00  ser
  [1114]  477.40  477.46  0.99  de
  [1115]  477.54  477.66  0.99  una
  [1116]  477.70  478.10  1.00  vibración
  [1117]  478.12  478.22  1.00  muy
  [1118]  478.28  478.50  1.00  alta
  [1119]  478.73  478.75  0.99  o
  [1120]  478.85  478.99  0.99  una
  [1121]  479.02  479.11  0.99  no
  [1122]  479.17  479.29  0.99  tan
  [1123]  479.35  479.56  1.00  alta
--- frase 79
  [1124]  480.61  480.79  0.99  Ellos
  [1125]  480.83  481.07  1.00  velan
  [1126]  481.11  481.21  0.98  por
  [1127]  481.25  481.71  0.95  nosotros
--- frase 80
  [1128]  482.21  482.27  0.99  Yo
  [1129]  482.31  482.41  1.00  las
  [1130]  482.43  482.85  0.98  experiencias
  [1131]  482.87  482.93  0.98  que
  [1132]  482.93  482.99  0.86  he
  [1133]  483.01  483.23  1.00  tenido
  [1134]  483.29  483.41  0.99  con
  [1135]  483.43  483.49  1.00  mi
  [1136]  483.55  483.77  1.00  ángel
  [1137]  483.81  483.85  1.00  de
  [1138]  483.87  483.93  0.99  la
  [1139]  483.95  484.15  0.99  guarda
  [1140]  484.17  484.31  0.92  más
  [1141]  484.35  484.77  1.00  cercano
--- frase 81
  [1142]  484.97  485.03  0.99  que
  [1143]  485.07  485.11  0.94  en
  [1144]  485.13  485.29  0.94  este
  [1145]  485.33  485.53  1.00  caso
  [1146]  485.57  485.63  0.99  es
  [1147]  485.69  485.75  0.99  mi
  [1148]  485.79  486.07  0.89  abuela
  [1149]  488.09  488.29  0.99  siempre
  [1150]  488.29  488.35  0.44  han
  [1151]  488.35  488.49  0.99  sido
  [1152]  488.51  488.55  0.77  en
  [1153]  488.61  488.95  0.99  sueños
--- frase 82
  [1154]  489.41  489.55  0.96  Pero
  [1155]  489.61  489.71  0.99  son
  [1156]  489.75  489.91  0.75  unos
  [1157]  489.95  490.19  0.95  sueños
  [1158]  490.23  490.33  1.00  muy
  [1159]  490.37  490.97  1.00  especiales
--- frase 83
  [1160]  491.71  491.77  0.98  No
  [1161]  491.81  491.95  0.96  todo
  [1162]  491.99  492.05  0.98  lo
  [1163]  492.07  492.15  0.94  que
  [1164]  492.17  492.61  0.89  soñamos
  [1165]  492.79  492.95  0.96  quiere
  [1166]  492.99  493.31  0.99  decir
  [1167]  494.13  494.15  0.78  o
  [1168]  494.24  494.30  0.98  no
  [1169]  494.38  494.60  1.00  siempre
  [1170]  494.63  494.69  0.99  que
  [1171]  494.74  495.02  0.91  soñemos
  [1172]  495.06  495.16  1.00  con
  [1173]  495.20  495.36  0.99  ellos
--- frase 84
  [1174]  495.40  495.56  0.99  quiere
  [1175]  495.62  495.92  0.98  decir
  [1176]  496.00  496.08  0.70  que
  [1177]  496.92  497.08  0.93  son
  [1178]  497.16  497.38  0.95  ellos
  [1179]  497.46  497.94  0.99  realmente
  [1180]  498.12  498.20  0.72  que
  [1181]  498.26  498.36  0.63  es
  [1182]  499.52  499.68  0.97  ese
  [1183]  499.72  500.12  1.00  momento
--- frase 85
  [1184]  500.54  500.74  0.89  Porque
  [1185]  500.94  501.20  0.98  también
  [1186]  501.22  501.30  0.85  hay
  [1187]  501.30  501.38  0.93  que
  [1188]  501.40  501.82  0.99  distinguir
  [1189]  501.86  501.90  0.98  un
  [1190]  501.94  502.12  1.00  poco
  [1191]  502.16  502.20  0.78  en
  [1192]  502.22  502.26  0.99  el
  [1193]  502.28  502.42  0.98  mundo
  [1194]  502.42  502.48  0.98  de
  [1195]  502.50  502.58  0.99  los
  [1196]  502.62  502.92  0.97  sueños
--- frase 86
  [1197]  505.42  505.50  0.88  que
  [1198]  505.82  505.84  0.98  a
  [1199]  505.88  506.18  0.99  veces
  [1200]  506.28  506.38  0.99  es
  [1201]  506.44  506.72  0.99  nuestra
  [1202]  506.78  507.40  0.99  conciencia
  [1203]  507.46  507.78  0.99  nuestro
  [1204]  507.84  508.10  0.95  duelo
  [1205]  508.52  508.85  0.97  nuestros
  [1206]  508.90  509.29  0.97  miedos
  [1207]  509.32  509.64  0.97  nuestras
  [1208]  509.71  510.41  0.64  inquietudes
--- frase 87
  [1209]  511.31  511.39  0.21  lo ?
  [1210]  511.43  511.49  0.22  que ?
  [1211]  511.53  511.65  0.20  nos ?
  [1212]  511.73  512.25  0.17  preocupa ?
  [1213]  514.19  514.21  0.85  y
  [1214]  514.51  514.81  0.86  también
  [1215]  515.07  515.15  0.97  la
  [1216]  515.23  515.57  0.97  mente
  [1217]  515.83  515.89  0.85  de
  [1218]  515.89  516.13  0.99  alguna
  [1219]  516.37  516.61  1.00  forma
  [1220]  516.79  516.87  0.99  se
  [1221]  516.93  517.27  0.97  libera
--- frase 88
  [1222]  517.67  517.69  0.99  Y
  [1223]  517.73  517.95  0.97  tenemos
  [1224]  517.97  518.05  0.20  esos ?
  [1225]  518.07  518.31  0.99  sueños
  [1226]  518.35  518.47  0.99  tan
  [1227]  518.53  519.13  0.92  extraños
  [1228]  519.17  519.25  0.99  que
  [1229]  519.29  519.33  0.97  no
  [1230]  519.39  520.09  0.99  entendemos
  [1231]  520.13  520.29  0.99  donde
  [1232]  520.33  520.43  0.99  les
  [1233]  520.47  520.71  0.99  vemos
  [1234]  520.77  521.31  1.00  sufriendo
--- frase 89
  [1235]  521.71  521.73  0.98  o
  [1236]  521.75  521.83  0.95  que
  [1237]  521.85  522.01  0.99  están
  [1238]  522.03  522.51  0.98  enfadados
  [1239]  522.57  522.69  0.99  con
  [1240]  522.73  523.27  0.99  nosotros
--- frase 90
  [1241]  523.74  523.84  0.68  Eso
  [1242]  523.88  524.01  0.83  tiene
  [1243]  524.05  524.12  0.88  que
  [1244]  524.15  524.27  0.50  ver
  [1245]  524.36  524.58  0.73  más
  [1246]  525.72  525.84  0.95  con
  [1247]  525.88  526.28  0.97  nuestras
  [1248]  526.34  526.90  0.99  preocupaciones
  [1249]  526.94  526.96  0.99  y
  [1250]  526.98  527.30  0.98  nuestros
  [1251]  527.36  527.64  0.94  miedos
  [1252]  528.04  528.22  0.79  más
  [1253]  528.28  528.42  0.97  con
  [1254]  528.48  528.82  0.98  nuestro
  [1255]  528.88  529.14  0.98  duelo
--- frase 91
  [1256]  529.70  529.90  0.46  Pero
  [1257]  532.50  532.68  0.47  cuando
  [1258]  532.70  532.78  0.39  hay
  [1259]  532.84  533.22  0.33  sueños
  [1260]  534.26  534.34  0.88  que
  [1261]  534.40  534.82  0.92  sabemos
  [1262]  534.96  535.02  0.94  que
  [1263]  535.04  535.10  0.91  es
  [1264]  535.18  535.32  0.98  más
  [1265]  535.42  535.60  1.00  real
  [1266]  535.64  535.72  0.85  que
  [1267]  535.74  535.82  0.99  un
  [1268]  535.88  536.12  0.98  sueño
  [1269]  536.56  536.74  1.00  donde
  [1270]  536.74  537.06  0.98  hablamos
  [1271]  537.12  537.24  1.00  con
  [1272]  537.28  537.54  0.95  ellos
  [1273]  537.68  537.71  0.99  y
  [1274]  537.73  537.90  0.99  donde
  [1275]  537.97  538.21  1.00  podemos
  [1276]  538.28  538.64  1.00  recordar
  [1277]  538.83  539.71  0.97  exactamente
  [1278]  539.87  540.09  0.76  todo
  [1279]  540.65  540.77  0.98  con
  [1280]  540.81  541.49  0.95  exactitud
  [1281]  543.21  543.45  0.97  todas
  [1282]  543.49  543.61  0.95  las
  [1283]  543.65  544.17  0.97  palabras
  [1284]  544.73  544.91  0.95  todo
  [1285]  544.95  545.01  0.96  lo
  [1286]  545.09  545.17  0.99  que
  [1287]  545.29  545.39  0.99  se
  [1288]  545.43  545.53  0.99  ve
  [1289]  546.05  546.21  0.99  todo
  [1290]  546.25  546.31  0.99  lo
  [1291]  546.35  546.41  0.99  que
  [1292]  546.45  546.51  0.99  se
  [1293]  546.55  546.77  0.84  siente
  [1294]  546.79  546.83  0.87  en
  [1295]  546.85  546.93  0.99  el
  [1296]  546.97  547.19  1.00  sueño
  [1297]  547.41  547.73  1.00  incluso
  [1298]  547.79  547.85  0.99  la
  [1299]  547.89  548.67  1.00  temperatura
  [1300]  548.97  549.05  0.99  el
  [1301]  549.11  549.39  1.00  olor
  [1302]  549.85  549.93  1.00  la
  [1303]  549.99  550.47  1.00  textura
  [1304]  551.07  551.25  0.61  bueno
  [1305]  551.63  551.77  0.98  pues
  [1306]  551.81  551.93  0.99  eso
  [1307]  551.97  552.07  0.99  nos
  [1308]  552.11  552.41  1.00  indica
  [1309]  553.60  553.65  0.99  que
  [1310]  553.74  554.20  1.00  realmente
  [1311]  554.66  554.76  1.00  no
  [1312]  554.82  554.92  0.99  es
  [1313]  554.98  555.08  0.99  un
  [1314]  555.18  555.46  0.97  sueño
  [1315]  555.60  555.78  1.00  como
  [1316]  555.84  556.24  1.00  nosotros
  [1317]  556.36  556.46  0.99  lo
  [1318]  556.68  557.12  1.00  conocemos
--- frase 92
  [1319]  557.14  557.22  0.99  no
  [1320]  557.24  557.28  0.49  es
  [1321]  557.30  557.36  0.98  un
  [1322]  557.38  557.54  1.00  sueño
  [1323]  557.58  557.74  1.00  como
  [1324]  557.80  557.96  1.00  tal
  [1325]  558.40  558.62  1.00  sino
  [1326]  558.88  558.96  0.98  que
  [1327]  559.08  559.22  0.98  es
  [1328]  559.80  559.92  0.99  una
  [1329]  559.96  560.68  0.97  experiencia
  [1330]  560.86  560.96  0.99  de
  [1331]  561.16  561.78  1.00  encuentro
  [1332]  561.88  562.08  0.98  donde
  [1333]  562.10  562.28  0.99  ellos
  [1334]  562.50  562.58  1.00  se
  [1335]  562.64  563.22  1.00  acercan
  [1336]  563.98  564.00  1.00  y
  [1337]  564.44  564.66  1.00  nos
  [1338]  564.84  565.26  0.99  hablan
  [1339]  565.56  565.58  0.99  o
--- frase 93
  [1340]  565.82  565.98  1.00  nos
  [1341]  566.12  566.50  1.00  ayudan
  [1342]  567.10  567.18  0.98  yo
  [1343]  567.26  567.61  0.79  recuerdo
  [1344]  568.77  568.85  0.87  que
  [1345]  568.89  568.97  0.85  yo
  [1346]  569.19  569.27  0.88  en
  [1347]  569.33  569.41  0.92  un
  [1348]  569.45  569.79  0.97  momento
  [1349]  569.83  569.89  0.91  de
  [1350]  569.91  569.99  0.84  mi
  [1351]  570.01  570.19  0.52  vida
  [1352]  570.61  570.67  0.54  en
  [1353]  570.69  570.77  0.52  el
  [1354]  570.81  570.89  0.71  que
  [1355]  570.99  571.07  0.88  ya
  [1356]  571.13  571.19  0.92  he
  [1357]  571.25  571.55  0.98  contado
  [1358]  571.57  571.63  0.69  en
  [1359]  571.65  571.79  0.94  otro
  [1360]  571.83  572.03  0.99  vídeo
--- frase 94
  [1361]  572.07  572.13  0.99  que
  [1362]  572.15  572.31  0.98  tengo
  [1363]  572.35  572.45  0.98  por
  [1364]  572.49  572.61  0.97  aquí
  [1365]  572.69  572.75  0.89  en
  [1366]  572.77  573.71  0.44  youtube
  [1367]  574.13  574.25  0.63  pues
  [1368]  574.29  574.35  0.88  un
  [1369]  574.37  574.57  0.92  poco
  [1370]  575.53  575.59  0.95  mi
  [1371]  575.65  576.21  0.94  experiencia
  [1372]  576.27  576.37  0.99  con
  [1373]  576.41  576.49  0.99  la
  [1374]  576.53  576.73  0.99  vida
  [1375]  576.83  577.07  0.98  donde
  [1376]  577.13  577.19  0.95  yo
  [1377]  577.55  577.97  0.99  creía
  [1378]  578.17  578.25  0.99  en
  [1379]  578.29  578.35  0.99  un
--- frase 95
  [1380]  578.43  578.69  0.98  mundo
  [1381]  578.73  579.11  1.00  mejor
  [1382]  579.25  579.27  0.98  y
  [1383]  579.37  579.47  0.97  yo
  [1384]  580.53  580.93  0.99  entendía
  [1385]  580.97  581.01  0.99  la
  [1386]  581.07  581.35  1.00  energía
  [1387]  581.37  581.41  0.99  de
  [1388]  581.45  581.55  0.99  las
  [1389]  581.59  581.96  1.00  personas
  [1390]  582.01  582.08  0.30  que
  [1391]  582.12  582.51  0.97  intentaba
  [1392]  582.53  582.75  1.00  ayudar
  [1393]  582.79  582.82  0.99  a
  [1394]  582.84  582.98  0.98  todo
  [1395]  583.00  583.03  0.87  el
  [1396]  583.03  583.22  0.96  mundo
--- frase 96
  [1397]  583.29  583.39  0.91  por
  [1398]  583.42  583.60  0.87  donde
  [1399]  583.66  583.92  0.81  fuese
  [1400]  584.42  584.84  0.87  empezando
  [1401]  585.14  585.26  0.93  por
  [1402]  585.30  585.36  0.95  mi
  [1403]  585.40  585.64  0.96  propia
  [1404]  585.66  586.00  0.98  familia
  [1405]  586.54  586.56  0.93  y
  [1406]  586.62  586.74  0.51  allá
  [1407]  586.78  586.98  0.94  donde
  [1408]  587.10  587.40  0.96  fuese
  [1409]  588.26  588.28  0.78  y
  [1410]  588.42  588.44  0.95  a
  [1411]  588.48  588.68  0.96  base
  [1412]  590.64  590.70  0.96  de
  [1413]  590.74  590.98  0.98  muchas
  [1414]  591.02  591.30  0.96  puertas
--- frase 97
  [1415]  591.32  591.68  1.00  cerradas
  [1416]  591.70  591.78  0.99  me
  [1417]  591.80  591.86  0.94  di
  [1418]  591.92  592.18  0.99  cuenta
  [1419]  592.24  592.32  0.99  que
  [1420]  592.40  592.48  0.99  yo
  [1421]  592.54  592.60  0.99  no
  [1422]  592.64  592.88  0.99  podía
  [1423]  592.94  593.32  0.99  cambiar
  [1424]  593.80  593.82  0.93  a
  [1425]  593.92  594.02  0.97  los
  [1426]  594.06  594.32  0.96  demás
  [1427]  595.16  595.22  0.94  En
  [1428]  595.22  595.28  0.85  un
  [1429]  595.30  595.56  0.97  momento
  [1430]  595.60  595.64  0.95  en
  [1431]  595.66  595.74  0.95  el
  [1432]  595.78  595.86  0.95  que
  [1433]  595.90  595.96  0.97  me
  [1434]  596.06  596.38  0.98  rendí
--- frase 98
  [1435]  597.02  597.09  0.94  en
  [1436]  597.11  597.14  0.98  un
  [1437]  597.16  597.40  0.99  momento
  [1438]  597.42  597.49  0.87  en
  [1439]  597.49  597.59  0.90  el
  [1440]  597.62  597.73  0.98  que
  [1441]  598.27  598.43  0.95  tiré
  [1442]  598.49  598.55  0.96  la
  [1443]  598.61  598.89  0.69  toalla
  [1444]  599.05  599.71  0.86  completamente
  [1445]  600.85  600.87  0.98  y
  [1446]  600.91  601.15  1.00  dije
  [1447]  601.31  601.59  0.99  pues
  [1448]  601.81  601.89  0.97  lo
  [1449]  601.93  601.99  0.98  que
  [1450]  602.05  602.19  0.98  sea
  [1451]  602.23  602.31  0.97  que
  [1452]  602.33  602.53  0.92  haya
  [1453]  602.65  602.95  0.98  pues
  [1454]  603.73  603.83  0.65  haz
  [1455]  603.93  603.97  0.98  lo
--- frase 99
  [1456]  604.01  604.07  0.99  que
  [1457]  604.13  604.37  0.99  quieras
  [1458]  604.41  604.49  0.99  yo
  [1459]  604.53  604.61  1.00  me
  [1460]  604.73  605.01  0.99  rindo
  [1461]  605.07  605.15  1.00  no
  [1462]  605.21  605.47  1.00  puedo
  [1463]  605.53  605.75  1.00  más
  [1464]  606.33  606.41  0.88  En
  [1465]  606.43  606.53  1.00  ese
  [1466]  606.57  606.87  1.00  momento
  [1467]  606.93  607.15  0.94  soñé
  [1468]  607.19  607.31  1.00  con
  [1469]  607.33  607.49  0.99  ella
  [1470]  607.79  608.03  0.98  llegó
  [1471]  608.07  608.11  0.72  en
  [1472]  608.11  608.15  0.00  un ?
--- frase 100
  [1473]  608.15  608.23  0.99  un
  [1474]  608.27  608.49  1.00  sueño
  [1475]  609.31  609.33  0.99  y
  [1476]  609.39  609.45  1.00  es
  [1477]  609.49  609.83  1.00  curioso
  [1478]  609.89  610.05  1.00  porque
  [1479]  610.07  610.13  1.00  me
  [1480]  610.19  610.47  1.00  trajo
  [1481]  610.71  610.73  0.99  a
  [1482]  610.83  611.07  1.00  otro
  [1483]  611.13  611.19  1.00  de
  [1484]  611.23  611.35  1.00  mis
  [1485]  611.41  612.03  1.00  ancestros
  [1486]  613.10  613.18  0.98  que
  [1487]  613.22  613.78  1.00  necesitaba
  [1488]  614.04  614.16  0.98  el
  [1489]  614.30  614.76  1.00  perdón
  [1490]  615.32  615.48  0.99  para
--- frase 101
  [1491]  615.52  616.18  1.00  continuar
  [1492]  616.26  616.34  1.00  su
  [1493]  616.42  616.64  0.99  alma
  [1494]  617.88  617.90  0.99  y
  [1495]  618.26  618.46  0.82  vino
  [1496]  618.98  619.04  0.32  yo
  [1497]  619.10  619.24  0.17  les ?
  [1498]  619.46  619.52  0.93  yo
  [1499]  619.56  619.64  0.96  le
  [1500]  619.68  620.02  1.00  perdoné
  [1501]  620.72  620.74  0.99  y
  [1502]  621.48  621.60  0.77  nos
  [1503]  621.64  622.12  1.00  abrazamos
  [1504]  622.16  622.24  0.99  no
  [1505]  622.88  623.24  1.00  recuerdo
  [1506]  623.26  623.30  0.74  el
  [1507]  623.34  623.64  1.00  abrazo
  [1508]  624.26  624.44  1.00  como
  [1509]  624.50  624.64  1.00  una
--- frase 102
  [1510]  624.74  625.14  1.00  realidad
  [1511]  625.22  625.38  0.98  más
  [1512]  625.46  625.72  1.00  real
  [1513]  627.18  627.25  0.92  que
  [1514]  627.33  627.54  0.98  esta
  [1515]  627.61  627.69  0.94  no
  [1516]  627.99  628.07  0.91  sé
  [1517]  628.11  628.17  0.93  que
  [1518]  628.19  628.25  0.83  es
  [1519]  628.27  628.35  0.99  un
  [1520]  628.37  628.55  1.00  poco
  [1521]  628.59  628.93  0.88  extraño
  [1522]  629.01  629.17  0.98  pero
  [1523]  629.61  629.73  0.97  era
  [1524]  629.89  630.03  0.80  tan
  [1525]  630.15  630.39  0.47  real
  [1526]  630.63  630.71  0.51  que
  [1527]  631.05  631.15  0.33  sé
  [1528]  631.21  631.29  0.66  que
  [1529]  631.31  631.37  0.69  no
  [1530]  631.41  631.45  0.33  es
  [1531]  631.49  631.55  0.75  un
--- frase 103
  [1532]  631.61  631.85  0.70  sueño
  [1533]  633.55  633.63  0.59  ahí
  [1534]  633.69  633.75  0.99  no
  [1535]  633.79  633.85  0.99  me
  [1536]  633.89  634.11  0.99  hablo
  [1537]  634.69  635.53  0.98  exactamente
  [1538]  635.81  635.99  0.62  porque
  [1539]  636.01  636.19  0.91  ellos
  [1540]  636.29  636.35  0.99  no
  [1541]  636.39  636.65  0.99  hablan
  [1542]  636.79  636.91  0.96  hay
  [1543]  636.97  637.07  0.97  que
  [1544]  637.83  638.15  0.99  saber
  [1545]  638.43  638.51  0.95  que
  [1546]  638.53  638.71  0.92  ellos
  [1547]  638.81  638.87  0.96  no
  [1548]  638.91  639.19  0.95  hablan
  [1549]  639.65  639.95  0.72  ellos
  [1550]  640.47  640.57  0.61  es
--- frase 104
  [1551]  640.63  640.83  0.70  como
  [1552]  641.63  642.01  0.99  sentir
  [1553]  642.24  642.29  0.96  es
  [1554]  642.36  642.50  0.99  como
  [1555]  642.56  642.64  0.99  si
  [1556]  642.68  643.02  0.99  podemos
  [1557]  643.08  643.54  0.99  sentir
  [1558]  644.38  644.40  0.96  y
  [1559]  644.50  644.68  0.95  ver
  [1560]  644.80  644.96  0.99  sus
  [1561]  645.04  645.56  1.00  recuerdos
  [1562]  645.62  645.70  0.99  no
  [1563]  646.12  646.26  1.00  sus
  [1564]  646.32  647.02  0.99  pensamientos
  [1565]  647.08  647.16  1.00  es
  [1566]  647.22  647.40  1.00  todo
  [1567]  647.46  647.56  0.99  muy
  [1568]  647.60  648.06  1.00  mental
--- frase 105
  [1569]  648.22  648.24  1.00  y
  [1570]  648.28  648.38  1.00  muy
  [1571]  648.42  648.92  0.98  telepático
  [1572]  649.40  649.54  1.00  como
  [1573]  649.58  649.66  0.97  en
  [1574]  649.70  649.86  0.99  las
  [1575]  649.92  650.36  0.96  sesiones
  [1576]  650.40  650.68  0.83  medios
  [1577]  650.74  650.82  0.46  al
  [1578]  650.88  651.16  1.00  final
  [1579]  651.60  651.70  0.99  el
  [1580]  651.74  652.04  1.00  canal
  [1581]  652.08  652.10  0.99  y
  [1582]  652.14  652.20  0.99  la
  [1583]  652.22  652.66  1.00  comunicación
  [1584]  652.70  652.78  0.98  es
  [1585]  652.86  652.92  0.98  la
  [1586]  652.98  653.30  0.98  misma
--- frase 106
  [1587]  656.11  656.28  0.93  pero
  [1588]  656.49  656.54  0.99  me
  [1589]  656.61  656.87  1.00  ayudó
  [1590]  657.16  657.19  0.99  a
  [1591]  657.27  657.79  1.00  encontrar
  [1592]  657.83  657.91  0.99  un
  [1593]  657.97  658.55  1.00  propósito
  [1594]  658.59  658.65  0.98  de
  [1595]  658.69  658.89  0.97  vida
  [1596]  659.45  659.51  0.94  que
  [1597]  659.59  659.69  0.93  es
  [1598]  659.77  659.83  0.94  mi
  [1599]  659.89  660.29  0.88  propósito
  [1600]  660.55  660.57  0.99  a
  [1601]  660.61  660.73  1.00  día
  [1602]  660.77  660.83  1.00  de
  [1603]  660.87  661.01  0.65  hoy
  [1604]  661.69  661.71  1.00  y
  [1605]  661.77  661.85  0.97  que
  [1606]  661.89  662.09  0.92  estoy
  [1607]  662.15  662.31  0.99  aquí
  [1608]  662.45  662.61  1.00  como
--- frase 107
  [1609]  662.67  662.99  0.96  medium
  [1610]  663.49  663.95  1.00  ayudando
  [1611]  664.31  664.33  1.00  a
  [1612]  664.61  665.07  1.00  contactar
  [1613]  665.11  665.25  1.00  las
  [1614]  665.31  665.65  1.00  almas
  [1615]  666.37  666.39  1.00  y
  [1616]  666.75  667.13  1.00  también
  [1617]  667.41  667.43  0.99  a
  [1618]  668.25  668.55  0.99  llevar
  [1619]  668.67  668.89  1.00  luz
  [1620]  669.39  669.41  0.98  y
  [1621]  669.45  670.01  1.00  esperanza
  [1622]  670.27  670.29  1.00  a
  [1623]  670.35  670.96  1.00  personas
  [1624]  671.15  671.22  0.99  de
  [1625]  671.24  671.46  0.97  alguna
--- frase 108
  [1626]  671.50  671.75  1.00  manera
  [1627]  672.14  672.20  0.39  el
  [1628]  672.26  672.36  0.60  ser
  [1629]  672.40  672.66  0.37  humano
  [1630]  673.50  673.64  0.78  como
  [1631]  673.68  673.78  0.91  ser
  [1632]  673.80  674.04  0.98  humanos
  [1633]  674.06  674.14  0.91  que
  [1634]  674.16  674.36  0.97  somos
  [1635]  674.40  674.64  0.99  queremos
  [1636]  674.70  675.12  1.00  controlar
  [1637]  675.18  675.30  1.00  las
  [1638]  675.34  675.66  1.00  cosas
  [1639]  675.76  675.78  1.00  y
  [1640]  675.84  676.12  1.00  queremos
  [1641]  676.14  676.20  1.00  que
  [1642]  676.22  676.26  0.98  el
--- frase 109
  [1643]  676.28  676.42  0.99  mundo
  [1644]  676.44  676.88  1.00  espiritual
  [1645]  677.02  677.12  1.00  se
  [1646]  677.22  677.70  1.00  comporte
  [1647]  678.04  678.10  1.00  de
  [1648]  678.12  678.18  1.00  la
  [1649]  678.20  678.38  1.00  forma
  [1650]  678.40  678.44  0.78  en
  [1651]  678.46  678.50  0.99  la
  [1652]  678.54  678.60  1.00  que
  [1653]  678.64  678.92  1.00  nosotros
  [1654]  678.98  679.62  1.00  necesitamos
  [1655]  679.96  679.98  0.95  y
  [1656]  680.06  680.22  1.00  esto
  [1657]  680.26  680.32  0.95  es
  [1658]  680.36  680.44  0.74  un
  [1659]  680.48  680.68  0.99  grave
  [1660]  680.70  680.96  0.98  error
--- frase 110
  [1661]  681.38  681.60  0.97  porque
  [1662]  682.00  682.08  0.99  el
  [1663]  682.12  682.30  0.96  mundo
  [1664]  682.34  682.76  1.00  material
  [1665]  682.92  682.94  0.99  y
  [1666]  683.00  683.08  0.99  el
  [1667]  683.10  683.32  0.99  mundo
  [1668]  683.36  683.80  1.00  espiritual
  [1669]  684.36  684.52  1.00  son
  [1670]  684.58  684.72  0.99  dos
  [1671]  684.78  685.08  1.00  mundos
  [1672]  685.16  685.78  1.00  completamente
  [1673]  685.85  686.62  1.00  diferentes
  [1674]  687.03  687.25  0.92  donde
  [1675]  688.21  688.29  0.81  en
--- frase 111
  [1676]  688.33  688.47  0.86  uno
  [1677]  688.73  688.81  0.96  el
  [1678]  688.89  689.21  0.98  tiempo
  [1679]  689.63  690.03  0.90  existe
  [1680]  690.09  690.21  0.63  pero
  [1681]  690.21  690.25  0.30  en
  [1682]  690.29  690.35  0.59  el
  [1683]  690.41  690.55  0.57  otro
  [1684]  690.61  690.69  0.55  no
  [1685]  691.11  691.13  0.02  y ?
  [1686]  691.17  691.21  0.78  el
  [1687]  691.23  691.41  0.89  tiempo
  [1688]  691.43  691.47  0.45  en
  [1689]  691.49  691.57  0.48  el
  [1690]  691.61  692.03  0.91  espacio
  [1691]  692.55  692.57  0.97  y
  [1692]  692.61  692.91  0.97  tampoco
  [1693]  692.93  693.25  0.91  existe
  [1694]  693.49  693.63  0.90  el
  [1695]  693.69  694.21  0.98  lenguaje
--- frase 112
  [1696]  694.57  694.75  0.91  como
  [1697]  694.83  695.33  0.73  existe
  [1698]  695.51  695.59  0.84  en
  [1699]  695.63  695.73  0.79  el
  [1700]  695.83  696.27  0.77  terrenal
  [1701]  696.43  696.75  0.91  entonces
  [1702]  696.89  696.97  0.94  es
  [1703]  697.03  697.15  0.98  muy
  [1704]  697.17  697.55  0.98  difícil
  [1705]  697.57  697.63  0.85  la
  [1706]  697.67  698.25  0.85  comunicación
  [1707]  698.73  698.81  0.92  no
  [1708]  698.87  699.13  1.00  podemos
  [1709]  699.17  699.53  1.00  controlar
  [1710]  699.57  699.75  0.99  eso
  [1711]  700.25  700.27  0.94  y
  [1712]  700.32  700.38  0.99  yo
--- frase 113
  [1713]  700.41  700.65  0.99  intento
  [1714]  700.67  701.17  0.97  explicárselo
  [1715]  701.22  701.24  0.91  a
  [1716]  701.25  701.36  0.98  las
  [1717]  701.39  701.90  0.99  personas
  [1718]  702.62  702.72  0.97  pero
  [1719]  702.74  702.80  0.90  es
  [1720]  702.82  702.92  0.97  muy
  [1721]  702.94  703.38  0.97  difícil
  [1722]  703.42  703.48  0.85  no
  [1723]  703.56  703.68  0.86  uno
  [1724]  703.72  703.88  0.97  cuando
  [1725]  703.90  704.02  0.95  está
  [1726]  704.08  704.18  0.89  con
  [1727]  704.22  704.30  0.73  el
  [1728]  704.32  704.56  0.95  duelo
  [1729]  704.56  704.70  0.00  uno ?
  [1730]  704.70  704.86  0.40  cuando
--- frase 114
  [1731]  704.90  705.14  0.74  cuando
  [1732]  705.18  705.38  0.77  está
  [1733]  706.36  706.90  0.97  comunicándose
  [1734]  706.94  707.04  0.99  con
  [1735]  707.06  707.14  0.96  el
  [1736]  707.16  707.30  0.92  otro
  [1737]  707.34  707.52  0.99  lado
--- frase 115
  [1738]  707.66  707.82  0.96  pero
  [1739]  708.24  708.86  0.96  entendiéndolo
  [1740]  708.90  709.12  0.91  desde
  [1741]  709.14  709.26  0.99  una
  [1742]  709.34  709.66  1.00  parte
  [1743]  709.70  709.88  0.73  del
  [1744]  709.94  710.14  0.92  mundo
  [1745]  710.18  710.56  1.00  terrenal
--- frase 116
  [1746]  710.62  710.78  1.00  pues
  [1747]  710.82  710.88  0.98  es
  [1748]  710.94  711.04  0.97  muy
  [1749]  711.06  711.50  0.98  complicado
--- frase 117
  [1750]  711.62  711.64  0.99  Y
  [1751]  711.78  712.02  1.00  parte
  [1752]  712.04  712.08  0.99  de
  [1753]  712.12  712.18  0.93  mi
  [1754]  712.22  712.56  0.99  trabajo
  [1755]  712.62  712.94  0.99  también
  [1756]  713.30  713.36  0.98  es
  [1757]  713.40  713.46  0.94  un
  [1758]  713.48  713.70  0.99  poco
  [1759]  713.80  714.56  0.99  enseñaros
--- frase 118
  [1760]  714.76  714.83  0.92  en
  [1761]  714.85  714.95  0.98  las
  [1762]  714.99  715.45  0.99  sesiones
  [1763]  716.02  716.04  0.90  a
  [1764]  717.13  717.67  0.99  comunicaros
--- frase 119
  [1765]  717.81  717.83  0.97  o
  [1766]  717.91  717.93  0.44  a
  [1767]  717.93  718.51  0.86  entender
  [1768]  718.55  718.59  0.98  de
  [1769]  718.61  718.81  0.97  alguna
  [1770]  718.87  719.11  0.98  forma
--- frase 120
  [1771]  719.55  719.65  0.95  que
  [1772]  719.67  719.79  0.94  hay
  [1773]  719.85  720.21  0.85  posibilidad
  [1774]  720.23  720.27  0.97  de
  [1775]  720.29  720.75  0.98  comunicarse
  [1776]  720.77  720.89  1.00  con
  [1777]  720.91  721.09  1.00  ellos
--- frase 121
  [1778]  721.21  721.29  1.00  que
  [1779]  721.33  721.37  0.99  no
  [1780]  721.39  721.43  0.99  es
  [1781]  721.47  721.57  0.99  una
  [1782]  721.59  722.13  1.00  comunicación
  [1783]  722.21  722.57  0.99  verbal
  [1784]  722.61  722.69  0.99  ni
  [1785]  722.71  723.05  0.97  hablada
--- frase 122
  [1786]  723.97  724.11  1.00  con
  [1787]  724.17  724.77  1.00  contestación
  [1788]  724.87  725.21  0.98  rápida
  [1789]  725.41  725.59  0.99  como
  [1790]  725.77  726.13  1.00  nosotros
  [1791]  726.17  726.23  0.98  en
  [1792]  726.27  726.39  0.99  una
  [1793]  726.43  726.99  0.99  conversación
--- frase 123
  [1794]  727.41  727.61  0.97  sino
  [1795]  727.67  728.43  0.93  que
  [1796]  728.95  729.05  0.96  es
  [1797]  729.15  729.31  0.99  más
  [1798]  729.39  729.46  0.99  de
  [1799]  729.51  730.29  1.00  sensaciones
--- frase 124
  [1800]  730.65  730.72  0.99  de
  [1801]  730.77  731.60  0.98  sentimientos
  [1802]  731.96  732.02  0.74  de
  [1803]  732.06  732.78  0.97  emociones
  [1804]  733.18  733.26  0.99  de
  [1805]  733.32  734.00  0.99  caricias
--- frase 125
  [1806]  734.32  734.46  0.92  pero
  [1807]  734.50  734.60  0.64  con
  [1808]  734.64  734.72  0.52  el
  [1809]  734.76  735.08  0.38  alma
  [1810]  735.48  735.60  0.76  con
  [1811]  735.64  735.72  0.73  el
  [1812]  735.76  736.02  0.76  alma
  [1813]  736.22  736.24  0.86  y
  [1814]  736.30  736.38  0.86  no
  [1815]  736.54  737.32  0.89  físicamente
  [1816]  738.98  739.16  0.58  bueno
  [1817]  740.52  740.88  0.91  deciros
  [1818]  740.94  741.04  0.93  que
  [1819]  741.38  741.52  0.88  hay
  [1820]  741.56  741.80  0.99  otros
  [1821]  741.88  742.24  0.99  tipos
  [1822]  742.34  742.44  0.97  de
  [1823]  743.38  743.64  0.93  guías
--- frase 126
  [1824]  743.68  744.49  0.97  espirituales
  [1825]  745.75  745.97  0.89  donde
  [1826]  746.29  746.61  0.99  muchas
  [1827]  746.65  746.99  0.99  veces
  [1828]  747.17  747.19  0.99  y
  [1829]  747.25  747.33  0.98  la
  [1830]  747.39  747.59  0.99  gran
  [1831]  747.69  748.13  0.99  mayoría
  [1832]  748.65  748.71  0.98  no
  [1833]  748.79  749.11  0.98  sabemos
  [1834]  749.17  749.43  0.90  quiénes
  [1835]  749.49  749.69  0.97  son
  [1836]  750.19  750.27  0.58  no
  [1837]  750.35  750.45  0.71  se
  [1838]  750.51  750.97  0.65  muestran
  [1839]  751.57  751.77  0.56  porque
  [1840]  751.83  751.85  0.66  a
--- frase 127
  [1841]  751.89  752.07  0.70  veces
  [1842]  752.11  752.21  0.88  son
  [1843]  752.29  752.79  0.82  energías
  [1844]  752.85  753.45  0.98  simplemente
  [1845]  753.95  754.05  0.84  no
  [1846]  754.29  754.59  0.98  fueron
  [1847]  754.69  755.15  0.85  humanos
  [1848]  755.21  755.23  0.98  o
  [1849]  755.27  755.33  0.98  no
  [1850]  755.37  755.65  0.99  tuvieron
  [1851]  755.77  756.05  0.98  forma
  [1852]  756.09  756.35  0.49  buena
  [1853]  756.75  757.13  0.69  entonces
  [1854]  758.33  758.37  0.63  de
  [1855]  758.41  758.61  0.66  alguna
  [1856]  758.67  758.91  0.72  forma
--- frase 128
  [1857]  759.48  759.55  0.88  es
  [1858]  759.63  759.74  0.96  muy
  [1859]  759.77  760.24  0.99  difícil
  [1860]  760.34  760.60  0.99  saber
  [1861]  760.68  760.98  0.97  quiénes
  [1862]  761.04  761.26  0.93  son
  [1863]  761.58  761.60  0.96  a
  [1864]  761.66  761.96  0.98  veces
  [1865]  762.02  762.40  0.99  podemos
  [1866]  762.80  763.10  0.99  jugar
  [1867]  763.48  763.52  0.21  un ?
  [1868]  763.58  763.88  0.99  poquito
  [1869]  763.92  764.02  1.00  con
  [1870]  764.06  764.28  0.99  ellos
  [1871]  764.66  764.68  0.98  a
  [1872]  764.74  764.96  0.99  pedir
  [1873]  765.04  765.52  0.99  pistas
  [1874]  765.70  765.90  0.90  pero
--- frase 129
  [1875]  766.26  766.42  0.76  hay
  [1876]  767.70  768.06  0.99  muchos
  [1877]  768.12  768.46  1.00  casos
  [1878]  768.52  768.58  0.98  la
  [1879]  768.60  768.74  1.00  gran
  [1880]  768.78  769.12  0.98  mayoría
  [1881]  769.24  769.30  0.95  en
  [1882]  769.34  769.44  0.99  las
  [1883]  769.48  769.56  0.97  que
  [1884]  769.62  769.90  0.99  nunca
  [1885]  770.30  770.56  1.00  dicen
  [1886]  770.60  770.84  0.95  quiénes
  [1887]  770.90  771.12  0.99  son
  [1888]  771.30  771.32  0.99  o
  [1889]  771.38  771.44  0.99  no
  [1890]  771.50  771.80  0.98  revelan
  [1891]  771.88  771.96  0.99  su
  [1892]  772.00  772.32  0.99  nombre
--- frase 130
  [1893]  774.28  774.54  0.50  también
  [1894]  774.61  774.78  0.81  creo
  [1895]  774.85  774.95  0.83  que
  [1896]  775.19  775.33  0.88  hay
  [1897]  775.67  775.91  0.95  guías
  [1898]  775.99  776.61  0.99  temporales
  [1899]  777.23  777.53  0.98  algunos
  [1900]  777.57  777.83  0.96  están
  [1901]  777.93  778.11  0.99  para
  [1902]  778.35  778.45  0.97  un
  [1903]  778.61  778.95  0.91  ciclo
  [1904]  778.99  779.05  0.95  de
  [1905]  779.09  779.41  0.85  nuestra
  [1906]  779.45  779.67  0.71  vida
  [1907]  780.17  780.19  0.81  y
  [1908]  780.29  780.63  0.77  otros
  [1909]  780.79  781.09  0.91  están
--- frase 131
  [1910]  781.29  781.35  0.76  un
  [1911]  781.37  781.57  0.98  poco
  [1912]  781.65  781.83  0.99  como
  [1913]  781.93  782.13  0.99  para
  [1914]  782.21  782.57  0.99  todos
  [1915]  782.71  782.83  0.98  por
  [1916]  782.85  783.17  0.97  ejemplo
  [1917]  783.23  783.47  0.98  podría
  [1918]  783.55  783.67  0.99  ser
  [1919]  783.71  783.79  0.99  el
  [1920]  783.83  784.27  0.89  arcángel
  [1921]  784.29  784.57  0.93  miguel
  [1922]  785.49  785.65  0.98  esa
  [1923]  785.71  786.05  0.99  figura
  [1924]  787.73  787.83  0.97  yo
  [1925]  788.05  788.39  1.00  trabajo
  [1926]  788.45  788.60  1.00  con
  [1927]  788.63  788.74  0.99  él
--- frase 132
  [1928]  788.77  789.03  1.00  Muchas
  [1929]  789.08  789.43  1.00  veces
  [1930]  789.65  789.75  0.99  yo
  [1931]  790.12  790.22  0.99  le
  [1932]  790.34  790.54  1.00  pido
  [1933]  790.58  791.26  1.00  asistencia
  [1934]  791.78  791.80  0.99  y
  [1935]  792.42  792.48  0.97  de
  [1936]  792.50  792.74  1.00  alguna
  [1937]  792.84  793.18  1.00  forma
  [1938]  793.36  793.42  0.95  he
  [1939]  793.48  794.06  0.99  aprendido
  [1940]  794.68  794.70  0.97  a
  [1941]  795.82  796.22  0.97  leer
  [1942]  796.52  796.54  0.97  y
  [1943]  796.58  796.60  0.96  a
  [1944]  796.64  797.14  0.99  entender
  [1945]  797.44  797.88  0.95  cuándo
  [1946]  798.44  798.70  0.99  está
  [1947]  799.52  799.58  1.00  su
  [1948]  799.62  800.04  1.00  presencia
  [1949]  800.12  800.14  0.99  y
  [1950]  800.20  800.44  0.99  cuándo
  [1951]  800.48  800.66  0.99  está
  [1952]  800.76  800.86  0.98  él
  [1953]  800.90  800.98  0.77  al
  [1954]  801.04  801.32  0.99  mando
  [1955]  801.42  801.44  0.93  o
  [1956]  802.62  802.82  0.96  cuándo
  [1957]  802.88  803.04  0.97  está
  [1958]  803.08  803.54  0.88  ayudando
  [1959]  803.76  803.78  0.75  o
  [1960]  804.75  805.07  0.92  ofreciendo
  [1961]  805.09  805.19  0.87  esa
  [1962]  805.25  805.81  0.75  protección
--- frase 133
  [1963]  807.51  807.59  0.26  Un ?
  [1964]  807.63  807.83  0.40  poco
  [1965]  808.05  808.13  0.45  el
  [1966]  808.17  808.43  0.44  trabajo
  [1967]  808.47  808.53  0.68  lo
  [1968]  808.55  808.77  0.70  tenemos
  [1969]  808.77  808.83  0.82  que
  [1970]  808.83  808.99  0.71  hacer
  [1971]  809.05  809.55  0.16  nosotros ?
  [1972]  809.83  810.07  0.23  Ellos ?
  [1973]  810.83  811.09  0.97  tienen
  [1974]  811.23  811.33  0.99  su
  [1975]  811.47  811.75  0.99  forma
  [1976]  811.79  811.85  0.99  de
  [1977]  811.87  812.35  0.99  comunicarse
  [1978]  812.51  812.53  1.00  y
  [1979]  812.59  812.97  0.99  nosotros
  [1980]  813.31  813.67  0.99  tenemos
  [1981]  813.71  813.77  0.98  que
  [1982]  813.81  814.21  0.98  aprender
  [1983]  814.29  814.37  0.81  Si
  [1984]  814.45  814.91  0.52  queremos
  [1985]  815.63  816.17  0.82  comunicarnos
  [1986]  816.37  816.39  0.75  o
  [1987]  817.07  817.15  0.77  si
  [1988]  817.19  817.63  0.67  queremos
  [1989]  818.50  819.01  0.97  contestar
  [1990]  819.05  819.12  0.52  un
  [1991]  819.13  819.36  0.99  poco
  [1992]  819.39  819.41  0.96  a
  [1993]  819.44  819.62  0.99  esas
  [1994]  819.68  820.12  0.98  preguntas
  [1995]  820.16  820.22  0.99  que
  [1996]  820.28  820.72  0.96  tenemos
  [1997]  821.40  821.48  0.90  lo
  [1998]  821.52  821.72  0.98  primero
  [1999]  821.72  821.80  0.93  que
  [2000]  821.80  821.96  0.93  tenemos
  [2001]  821.96  822.04  0.70  que
  [2002]  822.04  822.20  0.98  hacer
  [2003]  822.24  822.30  0.97  es
  [2004]  822.36  823.00  0.53  olvidarnos
  [2005]  825.70  825.78  0.73  de
  [2006]  825.84  825.92  0.69  que
  [2007]  826.20  826.56  0.90  puedan
  [2008]  826.78  826.80  0.93  o
  [2009]  826.88  826.96  0.96  que
  [2010]  827.04  827.46  0.97  queremos
  [2011]  827.50  827.58  0.91  que
  [2012]  827.62  827.70  0.98  se
  [2013]  827.74  828.26  0.99  comporten
  [2014]  828.36  828.56  0.95  como
  [2015]  828.96  829.04  0.93  si
  [2016]  829.08  829.30  0.98  fueran
  [2017]  829.34  829.70  0.84  humanos
--- frase 134
  [2018]  830.30  830.42  0.96  Eso
  [2019]  830.44  830.50  0.91  es
  [2020]  830.54  830.60  0.80  lo
  [2021]  830.64  830.94  0.49  primero
  [2022]  831.44  831.54  0.77  que
  [2023]  832.16  832.26  0.99  nos
  [2024]  832.30  832.42  0.99  hace
  [2025]  832.46  833.02  0.99  frustrarnos
  [2026]  833.07  833.26  0.95  porque
  [2027]  834.00  834.23  0.99  nunca
  [2028]  834.25  834.35  0.99  nos
  [2029]  834.37  834.47  0.99  van
  [2030]  834.49  834.51  0.99  a
  [2031]  834.53  834.91  1.00  contestar
  [2032]  834.95  835.17  0.99  cuando
  [2033]  835.21  835.51  0.99  queremos
  [2034]  835.53  835.59  0.99  que
  [2035]  835.63  835.73  0.98  nos
  [2036]  835.75  836.25  0.99  contesten
  [2037]  836.71  836.87  0.99  Pero
  [2038]  836.93  837.03  0.99  sí
  [2039]  837.09  837.37  0.99  podemos
  [2040]  837.41  838.21  0.99  facilitarles
  [2041]  838.81  838.91  0.96  el
  [2042]  838.97  839.35  0.93  trabajo
  [2043]  839.77  839.97  0.75  Cómo
  [2044]  840.65  840.87  0.81  Pues
  [2045]  841.09  841.53  0.69  podemos
  [2046]  842.11  842.41  0.40  darles
  [2047]  842.43  842.93  0.28  gracias ?
  [2048]  843.37  843.83  0.20  podemos ?
  [2049]  844.63  844.95  0.93  pedirles
  [2050]  844.99  845.35  0.98  señales
  [2051]  845.49  845.65  0.98  pero
  [2052]  845.71  846.03  0.95  creer
  [2053]  846.07  846.15  0.88  en
  [2054]  846.19  846.47  0.85  ellos
  [2055]  846.75  846.83  0.98  no
  [2056]  846.87  847.29  0.98  cuestionar
  [2057]  847.33  847.45  0.99  sus
  [2058]  847.50  847.93  0.91  señales
  [2059]  848.32  848.60  0.95  creer
  [2060]  848.62  848.70  0.96  en
  [2061]  848.74  848.91  0.97  ellos
  [2062]  849.04  849.06  1.00  y
  [2063]  849.10  849.32  0.99  darle
  [2064]  849.36  849.72  0.97  fuerza
--- frase 135
  [2065]  850.20  850.64  0.90  números
  [2066]  850.68  851.46  1.00  sensaciones
  [2067]  851.58  852.24  1.00  canciones
  [2068]  852.38  852.88  1.00  colores
  [2069]  853.00  853.60  1.00  personas
  [2070]  853.72  854.38  0.99  intuiciones
  [2071]  854.76  855.22  0.99  sueños
  [2072]  856.72  856.94  0.99  algo
  [2073]  857.00  857.08  1.00  que
  [2074]  857.10  857.16  0.99  no
  [2075]  857.20  857.52  0.99  sabemos
  [2076]  857.58  857.64  0.97  lo
  [2077]  857.70  857.78  0.98  que
--- frase 136
  [2078]  857.86  857.96  0.95  es
  [2079]  858.02  858.10  0.95  que
  [2080]  858.12  858.18  0.92  no
  [2081]  858.22  858.26  0.97  es
  [2082]  858.30  858.42  0.98  una
  [2083]  858.48  858.62  0.97  voz
  [2084]  858.70  858.88  0.29  pero ?
  [2085]  859.44  859.56  0.82  por
  [2086]  859.60  859.66  0.89  lo
  [2087]  859.70  859.78  0.89  que
  [2088]  859.84  860.00  0.76  sea
  [2089]  860.22  860.40  0.69  ese
  [2090]  860.44  860.58  0.58  día
  [2091]  860.64  860.68  0.82  en
  [2092]  860.70  860.80  0.56  vez
  [2093]  860.82  860.90  0.92  de
  [2094]  860.96  861.00  0.35  ir
  [2095]  861.10  861.20  0.98  por
  [2096]  861.24  861.44  0.94  aquí
  [2097]  861.46  861.70  0.88  vamos
  [2098]  861.74  861.88  0.98  por
  [2099]  861.90  862.08  0.99  allí
  [2100]  862.52  862.54  0.90  o
  [2101]  862.61  862.66  0.48  en
  [2102]  862.68  862.78  0.25  vez ?
  [2103]  862.80  862.88  0.42  de
--- frase 137
  [2104]  863.40  863.59  0.83  hablar
  [2105]  863.61  863.68  0.96  con
  [2106]  863.71  863.83  0.87  esta
  [2107]  863.87  864.19  0.98  persona
  [2108]  864.79  864.93  0.81  ese
  [2109]  864.97  865.09  0.66  día
  [2110]  865.13  865.19  0.98  no
  [2111]  865.25  865.29  0.98  lo
  [2112]  865.31  865.69  0.97  hacemos
  [2113]  865.87  866.25  0.17  etcétera ?
  [2114]  866.29  866.63  0.02  etcétera ?
  [2115]  866.67  867.39  0.01  etcétera ?
  [2116]  868.11  868.43  0.99  tenemos
  [2117]  868.49  868.55  1.00  que
  [2118]  868.59  868.91  1.00  dejar
--- frase 138
  [2119]  868.97  869.05  0.98  que
  [2120]  869.09  869.23  0.97  nos
  [2121]  869.29  869.55  0.99  guíen
  [2122]  869.61  869.81  0.99  porque
  [2123]  869.87  870.13  0.76  realmente
  [2124]  870.15  870.31  0.20  ellos ?
  [2125]  870.33  870.45  0.98  son
  [2126]  870.51  870.81  0.93  guías
  [2127]  871.31  871.67  0.98  entonces
  [2128]  872.59  872.69  0.98  su
  [2129]  872.75  873.15  0.94  trabajo
  [2130]  873.31  873.37  0.90  su
  [2131]  873.41  873.81  0.97  misión
  [2132]  873.99  874.15  0.99  es
  [2133]  874.71  874.77  0.64  un
  [2134]  874.81  875.03  0.97  poco
  [2135]  876.17  876.75  0.99  llevarnos
--- frase 139
  [2136]  876.95  876.98  0.99  a
  [2137]  877.03  877.25  0.99  donde
  [2138]  877.29  877.63  0.99  tenemos
  [2139]  877.70  877.77  0.93  que
  [2140]  877.88  878.00  0.98  ir
  [2141]  878.17  878.20  0.99  y
  [2142]  878.25  878.76  0.99  nosotros
  [2143]  879.72  879.80  0.99  no
  [2144]  879.86  880.14  0.99  podemos
  [2145]  880.18  880.44  1.00  luchar
  [2146]  880.46  880.48  0.97  o
  [2147]  880.50  880.74  0.99  podemos
  [2148]  880.80  881.22  1.00  evitar
  [2149]  881.38  881.46  0.99  no
  [2150]  881.52  881.84  0.99  podemos
  [2151]  881.88  882.18  0.99  evitar
  [2152]  882.58  882.68  0.93  que
--- frase 140
  [2153]  883.56  883.96  0.94  vayamos
  [2154]  884.12  884.22  0.98  por
  [2155]  884.24  884.40  0.95  donde
  [2156]  884.42  884.68  0.98  tenemos
  [2157]  884.70  884.78  0.91  que
  [2158]  884.84  884.92  0.96  ir
  [2159]  885.10  885.12  0.98  o
  [2160]  885.34  885.42  0.99  el
  [2161]  885.46  885.70  1.00  camino
  [2162]  885.72  885.78  0.99  que
  [2163]  885.80  885.90  0.92  está
  [2164]  885.94  886.30  0.97  destinado
  [2165]  886.34  886.46  0.99  para
  [2166]  886.50  886.94  0.99  nosotros
  [2167]  887.68  887.78  0.93  hay
  [2168]  887.84  888.00  0.97  esa
  [2169]  888.08  888.38  0.98  lucha
  [2170]  888.56  888.58  0.98  y
  [2171]  888.64  888.78  0.99  esa
--- frase 141
  [2172]  888.84  889.46  1.00  resistencia
  [2173]  889.82  889.88  0.99  yo
  [2174]  889.92  890.20  1.00  siempre
  [2175]  891.18  891.36  0.76  digo
  [2176]  892.11  892.12  0.98  y
  [2177]  892.23  892.30  0.99  en
  [2178]  892.35  892.42  1.00  mi
  [2179]  892.49  892.68  0.99  caso
  [2180]  892.73  893.00  0.98  funcionó
  [2181]  893.04  893.21  0.99  así
  [2182]  893.77  893.85  0.99  que
  [2183]  893.89  893.93  0.99  lo
  [2184]  893.97  894.19  1.00  mejor
  [2185]  894.23  894.31  0.98  es
  [2186]  894.35  894.89  0.83  dejarse
  [2187]  894.93  895.23  0.74  guiar
  [2188]  895.43  895.95  0.84  dejarse
  [2189]  895.99  896.37  0.13  llevar ?
--- frase 142
  [2190]  896.59  896.61  0.44  y
  [2191]  896.67  897.21  0.77  confiar
  [2192]  897.37  897.45  0.82  es
  [2193]  897.47  897.55  0.95  que
  [2194]  897.59  898.07  0.98  confiar
  [2195]  898.53  898.71  0.98  es
  [2196]  899.27  899.35  0.99  la
  [2197]  899.41  899.65  0.78  clave
  [2198]  899.69  899.73  0.98  de
  [2199]  899.77  899.93  0.99  todo
  [2200]  899.99  900.17  0.92  esto
  [2201]  900.69  900.97  0.98  cuando
  [2202]  901.45  901.61  0.99  nos
  [2203]  901.73  902.29  1.00  rendimos
  [2204]  902.47  902.49  0.99  a
  [2205]  902.55  902.61  0.99  la
  [2206]  902.67  903.39  1.00  resistencia
  [2207]  903.57  903.59  1.00  y
--- frase 143
  [2208]  903.61  903.63  0.00  y ?
  [2209]  903.65  904.17  1.00  dejamos
  [2210]  904.21  904.27  1.00  que
  [2211]  904.35  904.55  0.99  sean
  [2212]  904.59  904.79  0.99  ellos
  [2213]  904.85  905.05  0.68  quienes
  [2214]  905.07  905.19  0.98  nos
  [2215]  905.25  905.49  0.96  guíen
  [2216]  905.97  906.21  0.97  sean
  [2217]  906.53  906.77  0.94  quienes
  [2218]  906.84  907.12  0.96  sean
  [2219]  907.27  907.34  0.87  da
  [2220]  907.39  907.65  0.86  igual
--- frase 144
  [2221]  908.72  909.02  0.99  sucede
  [2222]  909.08  909.14  0.95  la
  [2223]  909.18  909.54  0.95  magia
  [2224]  909.58  909.68  0.77  no
--- frase 145
  [2225]  909.80  909.86  0.89  De
  [2226]  909.88  910.10  0.96  alguna
  [2227]  910.14  910.44  0.96  manera
  [2228]  912.14  912.50  0.98  vivimos
  [2229]  912.56  912.70  0.96  más
  [2230]  912.74  913.30  0.98  tranquilos
  [2231]  913.48  913.50  0.98  y
  [2232]  913.56  913.72  0.96  más
  [2233]  913.80  914.10  0.99  libres
--- frase 146
  [2234]  914.18  914.42  0.90  porque
  [2235]  915.22  915.38  0.50  tenéis
  [2236]  915.40  915.46  0.94  que
  [2237]  915.48  915.80  0.96  entender
  [2238]  915.82  915.88  0.97  que
  [2239]  915.90  915.98  0.99  al
  [2240]  916.00  916.28  0.99  final
  [2241]  916.54  916.62  0.98  lo
  [2242]  916.68  916.78  0.98  que
  [2243]  917.28  917.48  1.00  tenga
  [2244]  917.52  917.60  0.99  que
  [2245]  917.64  918.18  0.99  sucedernos
--- frase 147
  [2246]  918.42  918.86  1.00  igualmente
  [2247]  918.88  918.98  0.98  nos
  [2248]  919.02  919.06  0.99  va
  [2249]  919.10  919.12  0.01  a ?
  [2250]  919.12  919.48  1.00  suceder
--- frase 148
  [2251]  920.56  920.64  0.99  Es
  [2252]  920.70  920.86  1.00  así
  [2253]  921.00  921.08  1.00  no
  [2254]  921.12  921.42  1.00  podemos
  [2255]  921.49  921.80  1.00  evitar
  [2256]  921.85  921.95  0.94  las
  [2257]  921.97  922.21  0.87  cosas
  [2258]  922.23  922.30  0.99  no
--- frase 149
  [2259]  922.38  922.77  1.00  Vivimos
  [2260]  922.87  923.25  1.00  intentando
  [2261]  923.29  923.83  1.00  controlar
  [2262]  923.87  923.93  0.99  lo
  [2263]  923.99  924.07  0.95  que
  [2264]  924.11  924.33  0.96  viene
  [2265]  924.39  924.45  0.96  lo
  [2266]  924.49  924.57  0.98  que
  [2267]  924.63  924.71  0.89  no
  [2268]  924.89  925.25  0.89  cuándo
  [2269]  925.31  925.57  0.87  cómo
--- frase 150
  [2270]  926.39  926.61  0.88  Tenemos
  [2271]  926.63  926.69  0.98  que
  [2272]  926.73  927.11  0.99  olvidarnos
  [2273]  927.15  927.19  0.98  de
  [2274]  927.23  927.39  0.98  todo
  [2275]  927.43  927.59  0.98  eso
--- frase 151
  [2276]  927.81  928.07  0.85  Ellos
  [2277]  929.35  929.49  0.90  nos
  [2278]  929.53  929.85  0.86  llevan
  [2279]  930.01  930.33  0.98  siempre
  [2280]  930.35  930.37  0.63  y
  [2281]  930.39  930.63  0.99  cuando
  [2282]  930.69  931.15  0.96  nosotros
  [2283]  931.23  931.71  0.99  soltemos
  [2284]  931.75  931.83  0.95  el
  [2285]  931.85  932.23  0.95  control
--- frase 152
  [2286]  933.13  933.29  0.36  Así
  [2287]  933.37  933.47  0.70  que
  [2288]  934.29  934.37  0.84  es
  [2289]  934.41  935.03  0.96  importante
  [2290]  935.55  935.65  0.95  que
  [2291]  935.89  936.60  0.99  entendáis
  [2292]  936.74  936.84  0.98  que
  [2293]  937.27  937.39  0.97  para
  [2294]  937.43  937.94  0.98  comunicarnos
  [2295]  938.00  938.12  1.00  con
  [2296]  938.14  938.34  0.95  ellos
  [2297]  938.44  938.64  1.00  solo
  [2298]  938.68  938.94  0.99  tenemos
  [2299]  938.98  939.04  0.99  que
  [2300]  939.08  939.38  0.99  dejar
  [2301]  939.88  939.96  0.96  que
  [2302]  940.00  940.14  1.00  nos
  [2303]  940.18  940.46  0.99  hablen
  [2304]  940.60  940.62  0.99  a
  [2305]  940.68  940.98  1.00  través
  [2306]  941.04  941.14  0.99  de
  [2307]  941.20  941.62  0.99  colores
  [2308]  941.70  942.08  0.87  números
  [2309]  942.12  942.92  0.87  sensaciones
  [2310]  943.44  944.22  0.93  situaciones
  [2311]  945.12  945.50  0.10  etcétera ?
  [2312]  945.54  945.90  0.04  etcétera ?
  [2313]  946.00  946.60  0.96  personas
  [2314]  946.82  947.18  0.99  incluso
  [2315]  947.68  947.88  0.99  porque
  [2316]  947.90  947.92  0.99  a
  [2317]  947.94  948.00  0.99  mí
  [2318]  948.06  948.14  0.60  hay
  [2319]  948.20  948.46  1.00  veces
  [2320]  948.50  948.58  0.99  que
  [2321]  948.60  948.70  0.98  hay
  [2322]  948.74  949.20  1.00  personas
  [2323]  949.36  949.38  0.99  a
  [2324]  949.44  949.54  0.99  las
  [2325]  949.56  949.64  0.93  que
  [2326]  949.64  949.70  0.39  le
  [2327]  949.72  949.82  0.75  echo
  [2328]  949.82  949.92  0.97  una
  [2329]  949.98  950.36  0.98  sesión
  [2330]  950.42  950.44  0.98  o
  [2331]  950.58  950.80  0.92  alguien
  [2332]  950.87  951.00  0.97  con
  [2333]  951.04  951.18  0.73  quien
  [2334]  951.21  951.38  0.70  hablo
  [2335]  951.49  951.50  1.00  y
  [2336]  951.57  951.61  1.00  me
  [2337]  951.64  951.73  0.98  han
  [2338]  951.75  951.88  0.95  dado
  [2339]  951.92  951.97  0.98  un
  [2340]  952.00  952.47  1.00  mensaje
  [2341]  952.51  952.59  0.99  que
  [2342]  952.61  952.67  0.99  me
  [2343]  952.71  952.99  0.99  dicen
  [2344]  953.53  953.59  0.99  no
  [2345]  953.67  953.75  0.99  sé
  [2346]  953.79  953.91  0.98  por
  [2347]  953.97  954.05  1.00  qué
  [2348]  954.47  954.63  1.00  pero
  [2349]  954.67  954.73  0.99  te
  [2350]  954.77  954.95  1.00  tengo
  [2351]  954.99  955.07  0.93  que
  [2352]  955.09  955.35  0.99  decir
  [2353]  955.41  955.65  0.99  esto
--- frase 153
  [2354]  955.77  955.79  0.63  Y
  [2355]  955.83  955.85  0.47  a
  [2356]  955.87  955.93  0.48  lo
  [2357]  955.93  956.07  0.14  mejor ?
  [2358]  956.09  956.13  0.05  me ?
  [2359]  956.15  956.31  0.62  dicen
  [2360]  956.33  956.43  0.91  una
  [2361]  956.49  956.81  0.99  frase
  [2362]  956.95  956.97  0.93  o
  [2363]  957.01  957.07  0.88  me
  [2364]  957.11  957.39  0.98  dicen
  [2365]  958.19  958.51  0.99  alguna
  [2366]  958.57  958.91  0.99  palabra
  [2367]  958.99  959.05  0.99  que
  [2368]  959.11  959.19  0.98  yo
  [2369]  959.25  959.67  0.95  entiendo
  [2370]  959.77  959.91  0.65  muy
  [2371]  959.97  960.15  0.65  bien
  [2372]  960.51  960.61  0.98  el
  [2373]  960.67  961.31  1.00  significado
  [2374]  961.49  961.51  0.99  y
  [2375]  961.57  961.59  0.99  a
  [2376]  961.63  961.89  1.00  veces
  [2377]  961.93  962.15  0.99  cuando
  [2378]  962.35  962.47  0.99  yo
  [2379]  962.55  962.63  0.99  no
  [2380]  962.65  962.77  0.97  los
  [2381]  962.81  963.19  1.00  escucho
  [2382]  963.23  963.25  0.03  o ?
  [2383]  963.29  963.55  0.99  estoy
  [2384]  963.57  963.59  0.96  a
  [2385]  963.63  963.83  1.00  otras
  [2386]  963.87  964.23  1.00  cosas
  [2387]  964.99  965.29  1.00  incluso
  [2388]  965.31  965.37  0.99  me
  [2389]  965.37  965.58  0.83  hablan
  [2390]  965.60  965.62  0.99  a
  [2391]  965.63  965.84  0.96  través
  [2392]  965.86  965.91  0.99  de
  [2393]  965.96  966.27  1.00  personas
  [2394]  966.32  966.46  0.99  Pero
  [2395]  966.46  966.51  0.56  hay
  [2396]  966.53  966.62  0.94  que
  [2397]  966.67  966.98  0.94  creer
  [2398]  968.00  968.18  0.92  porque
  [2399]  968.20  968.24  0.53  en
  [2400]  968.26  968.42  0.95  este
  [2401]  968.48  968.64  0.84  mundo
  [2402]  968.68  969.18  0.99  espiritual
  [2403]  969.84  969.94  0.82  hay
  [2404]  970.00  970.08  0.98  que
  [2405]  970.16  970.42  0.96  creer
  [2406]  970.50  970.66  0.86  para
  [2407]  970.70  970.94  0.87  poder
  [2408]  971.00  971.16  0.67  ver
  [2409]  971.72  971.80  0.93  no
  [2410]  971.86  972.00  0.96  ver
  [2411]  972.06  972.22  0.93  para
  [2412]  972.28  972.54  0.99  creer
  [2413]  972.72  972.80  0.99  Es
  [2414]  972.88  973.40  1.00  completamente
  [2415]  973.44  973.48  0.66  al
  [2416]  973.50  973.74  0.96  revés
--- frase 154
  [2417]  974.34  974.50  1.00  Así
  [2418]  974.52  974.58  0.98  que
  [2419]  974.62  974.88  1.00  amigos
  [2420]  974.96  975.26  0.99  espero
  [2421]  975.34  975.42  0.99  que
  [2422]  975.50  975.60  0.99  os
  [2423]  975.66  975.90  1.00  ayude
  [2424]  975.92  975.96  0.49  un
  [2425]  976.00  976.30  0.98  poquito
  [2426]  976.36  976.50  0.98  todo
  [2427]  976.54  976.74  0.98  esto
  [2428]  978.02  978.30  0.99  Quería
  [2429]  978.38  979.00  0.87  expresarlo
  [2430]  979.38  979.66  0.99  quería
  [2431]  979.84  980.40  1.00  compartirlo
  [2432]  980.45  980.54  1.00  con
  [2433]  980.59  980.78  0.99  todos
  [2434]  980.80  981.28  1.00  vosotros
  [2435]  981.59  981.81  0.95  porque
  [2436]  981.87  981.97  1.00  sé
  [2437]  982.05  982.13  0.99  que
  [2438]  982.17  982.39  0.99  esto
  [2439]  982.57  982.67  0.99  es
  [2440]  982.73  982.85  0.99  muy
  [2441]  982.89  983.49  1.00  importante
  [2442]  983.97  983.99  0.91  y
  [2443]  984.05  984.39  0.57  porque
  [2444]  984.99  985.11  0.92  hay
  [2445]  985.15  985.47  0.90  mucha
  [2446]  985.77  986.03  0.78  duda
  [2447]  986.35  986.37  0.73  y
  [2448]  986.43  986.77  0.51  mucha
  [2449]  989.37  989.53  0.46  pues
  [2450]  989.59  989.69  0.69  el
  [2451]  989.75  989.83  0.84  no
  [2452]  989.93  990.25  0.72  saber
  [2453]  990.51  990.61  0.88  qué
  [2454]  990.69  990.99  0.81  hay
  [2455]  991.09  991.31  0.89  cómo
  [2456]  991.45  991.69  0.88  es
  [2457]  991.77  991.97  0.74  cómo
  [2458]  992.01  992.49  0.63  hacerlo
--- frase 155
  [2459]  992.49  992.97  0.00  Dejarlo ?
  [2460]  992.97  993.35  0.82  dejaros
  [2461]  993.37  993.69  0.65  llevar
  [2462]  994.31  994.93  0.93  hablarles
  [2463]  995.15  995.50  0.97  darles
  [2464]  995.53  995.65  0.94  las
  [2465]  995.72  996.10  0.97  gracias
  [2466]  996.32  996.34  0.99  y
  [2467]  996.43  996.68  0.99  sobre
  [2468]  996.76  996.94  0.99  todo
  [2469]  997.06  997.52  1.00  confiar
  [2470]  997.56  997.64  0.99  en
  [2471]  997.68  997.92  0.95  ellos
  [2472]  998.04  998.06  1.00  y
  [2473]  998.14  998.34  0.99  cuando
  [2474]  998.36  998.48  1.00  les
  [2475]  998.50  998.66  0.99  dais
  [2476]  998.70  998.84  0.75  ese
  [2477]  998.88  999.30  1.00  permiso
  [2478]  999.86 1000.14  0.97  ellos
  [2479] 1000.30 1000.38  0.98  os
  [2480] 1000.44 1000.56  1.00  van
  [2481] 1000.60 1000.62  0.99  a
  [2482] 1000.70 1001.04  0.95  guiar
  [2483] 1001.32 1001.36  0.53  de
  [2484] 1001.38 1001.50  1.00  una
  [2485] 1001.54 1001.82  1.00  manera
  [2486] 1001.98 1002.04  1.00  en
  [2487] 1002.08 1002.16  1.00  la
  [2488] 1002.22 1002.30  1.00  que
  [2489] 1002.36 1002.42  1.00  de
  [2490] 1002.48 1002.86  1.00  repente
  [2491] 1002.90 1003.04  0.97  vais
  [2492] 1003.08 1003.10  0.96  a
  [2493] 1003.14 1003.50  0.99  empezar
  [2494] 1003.90 1004.02  0.92  pues
  [2495] 1004.10 1004.12  1.00  a
  [2496] 1004.14 1004.24  0.67  ver
  [2497] 1004.28 1004.44  0.99  esas
  [2498] 1004.48 1004.80  1.00  señales
  [2499] 1004.84 1004.92  1.00  que
  [2500] 1004.96 1005.40  0.99  vosotros
  [2501] 1005.76 1006.16  0.99  también
  [2502] 1006.34 1006.98  1.00  entendéis
  [2503] 1007.24 1007.30  0.99  que
  [2504] 1007.34 1007.48  1.00  son
  [2505] 1007.60 1008.20  0.99  números
  [2506] 1008.48 1008.50  0.97  o
  [2507] 1008.56 1008.68  0.99  son
  [2508] 1008.76 1009.28  1.00  personas
  [2509] 1009.32 1009.40  1.00  que
  [2510] 1009.44 1009.56  0.99  nos
  [2511] 1009.58 1010.02  0.99  llamaban
  [2512] 1010.37 1010.38  0.99  y
  [2513] 1010.45 1010.54  0.96  que
  [2514] 1010.62 1010.92  0.98  tal
  [2515] 1011.31 1011.33  0.92  o
  [2516] 1012.29 1012.51  0.99  donde
  [2517] 1012.57 1012.63  1.00  os
  [2518] 1012.63 1012.85  0.99  lleve
  [2519] 1012.91 1012.97  1.00  la
  [2520] 1013.03 1013.25  1.00  vida
  [2521] 1013.35 1013.77  0.99  fijaros
  [2522] 1013.93 1014.11  0.73  este
  [2523] 1014.15 1014.23  0.27  es ?
  [2524] 1014.23 1014.27  0.00  un ?
  [2525] 1014.31 1014.53  1.00  lugar
  [2526] 1014.55 1014.63  0.95  que
  [2527] 1014.67 1014.93  0.98  siempre
  [2528] 1014.95 1015.01  1.00  me
  [2529] 1015.01 1015.07  0.94  ha
  [2530] 1015.07 1015.49  0.97  encantado
  [2531] 1015.53 1015.55  0.91  y
  [2532] 1015.55 1015.67  0.03  ahora ?
  [2533] 1015.71 1016.05  1.00  resulta
  [2534] 1016.11 1016.19  0.99  que
  [2535] 1016.21 1016.27  0.99  me
  [2536] 1016.29 1016.39  0.98  han
  [2537] 1016.41 1016.61  1.00  dicho
  [2538] 1016.65 1016.75  0.95  que
  [2539] 1016.79 1017.03  0.98  vaya
  [2540] 1017.53 1017.55  0.92  o
  [2541] 1017.97 1018.05  0.81  no
  [2542] 1018.05 1018.09  0.00  sé ?
--- frase 156
  [2543] 1018.09 1018.15  0.00  No ?
  [2544] 1018.15 1018.27  0.77  sé
  [2545] 1018.77 1019.11  0.25  dejaros ?
  [2546] 1019.11 1019.39  0.27  llevar ?
  [2547] 1019.55 1019.77  0.35  porque
  [2548] 1019.81 1019.91  0.20  esa ?
  [2549] 1019.91 1019.97  0.29  es ?
  [2550] 1020.03 1020.09  0.33  la
  [2551] 1020.13 1020.45  0.14  magia ?
  [2552] 1021.81 1021.87  0.88  de
  [2553] 1022.01 1022.35  0.85  vuestros
  [2554] 1022.57 1022.83  0.97  guías
  [2555] 1022.89 1023.43  0.97  espirituales
  [2556] 1023.47 1023.55  0.87  no
  [2557] 1023.87 1023.99  0.41  Esa
  [2558] 1024.01 1024.05  0.66  es
  [2559] 1024.11 1024.17  0.97  la
  [2560] 1024.21 1024.49  0.93  magia
  [2561] 1024.54 1024.63  0.92  del
  [2562] 1024.67 1024.89  0.86  mundo
  [2563] 1025.26 1025.69  0.98  espiritual
  [2564] 1025.82 1025.84  0.98  y
  [2565] 1025.91 1026.32  0.99  además
  [2566] 1026.62 1026.68  0.97  es
  [2567] 1026.72 1026.80  1.00  que
  [2568] 1026.82 1026.88  0.99  no
  [2569] 1026.92 1027.16  0.99  podemos
  [2570] 1027.22 1027.50  0.97  olvidar
  [2571] 1027.52 1027.60  0.99  que
  [2572] 1027.64 1027.88  0.94  somos
  [2573] 1027.94 1028.52  0.17  espíritus ?
  [2574] 1029.28 1029.34  0.86  que
  [2575] 1029.38 1029.44  0.82  se
  [2576] 1029.48 1029.58  0.86  nos
  [2577] 1029.64 1029.90  0.91  olvida
--- frase 157
  [2578] 1030.52 1030.96  0.76  Entonces
  [2579] 1032.50 1032.78  0.78  también
  [2580] 1033.68 1033.78  0.94  por
  [2581] 1033.78 1034.04  0.95  ejemplo
  [2582] 1034.08 1034.10  0.99  a
  [2583] 1034.12 1034.18  0.99  mí
  [2584] 1034.22 1034.28  0.99  me
  [2585] 1034.32 1034.64  1.00  funciona
  [2586] 1034.68 1034.92  1.00  mucho
--- frase 158
  [2587] 1035.86 1036.04  0.99  tengo
  [2588] 1036.08 1036.14  0.97  un
  [2589] 1036.16 1036.50  0.97  cuaderno
  [2590] 1036.56 1036.72  1.00  solo
  [2591] 1036.76 1036.90  1.00  para
  [2592] 1036.96 1037.20  1.00  ellos
--- frase 159
  [2593] 1037.84 1037.86  0.98  y
  [2594] 1038.16 1038.24  0.99  yo
  [2595] 1038.34 1038.54  1.00  cuando
  [2596] 1038.58 1038.64  0.99  me
  [2597] 1038.68 1038.84  0.98  quiero
  [2598] 1038.86 1039.14  1.00  comunicar
  [2599] 1039.16 1039.27  1.00  con
  [2600] 1039.31 1039.51  1.00  ellos
--- frase 160
  [2601] 1039.59 1039.77  0.49  pongo
  [2602] 1039.81 1039.87  0.95  la
  [2603] 1039.92 1040.22  0.96  fecha
  [2604] 1040.79 1040.81  0.08  y ?
  [2605] 1040.85 1040.99  0.98  les
  [2606] 1041.03 1041.23  0.99  digo
  [2607] 1041.55 1041.75  0.98  bueno
  [2608] 1041.79 1041.83  0.83  de
  [2609] 1041.85 1042.03  0.99  alguna
  [2610] 1042.13 1042.41  1.00  forma
--- frase 161
  [2611] 1042.79 1043.21  0.83  medito
  [2612] 1043.43 1043.49  1.00  me
  [2613] 1043.57 1043.95  1.00  relajo
  [2614] 1044.03 1044.09  0.99  me
  [2615] 1044.15 1044.81  0.99  tranquilizo
  [2616] 1045.07 1045.31  0.98  siempre
  [2617] 1045.33 1045.41  0.99  que
  [2618] 1045.47 1045.71  0.99  pueda
--- frase 162
  [2619] 1045.91 1045.97  0.74  no
  [2620] 1046.03 1046.19  0.95  tiene
  [2621] 1046.23 1046.29  0.99  que
  [2622] 1046.35 1046.47  0.99  ser
  [2623] 1046.51 1046.65  0.99  algo
  [2624] 1046.71 1047.15  0.97  forzado
  [2625] 1047.31 1047.45  0.96  tiene
  [2626] 1047.47 1047.53  0.97  que
  [2627] 1047.57 1047.63  0.89  ser
  [2628] 1047.65 1047.77  0.99  algo
  [2629] 1047.79 1048.09  1.00  natural
--- frase 163
  [2630] 1048.67 1048.69  0.98  y
  [2631] 1048.73 1048.85  0.99  les
  [2632] 1048.87 1049.03  1.00  digo
  [2633] 1049.09 1049.17  0.92  que
  [2634] 1049.23 1049.31  0.98  si
  [2635] 1049.33 1049.45  0.98  hay
  [2636] 1049.53 1049.67  0.99  algo
  [2637] 1049.71 1049.77  0.99  que
  [2638] 1049.81 1049.87  0.99  me
  [2639] 1049.91 1050.11  0.82  quieran
  [2640] 1050.13 1050.39  0.90  decir
--- frase 164
  [2641] 1050.81 1050.83  0.97  Y
  [2642] 1050.89 1050.93  0.95  lo
  [2643] 1050.97 1051.21  0.83  primero
  [2644] 1051.23 1051.29  0.69  que
  [2645] 1051.43 1051.49  0.76  me
  [2646] 1051.53 1051.79  0.81  llegue
  [2647] 1052.27 1052.39  0.50  aunque
  [2648] 1052.43 1052.51  0.73  sea
  [2649] 1052.53 1052.61  0.96  una
  [2650] 1052.65 1053.05  0.99  canción
--- frase 165
  [2651] 1053.65 1053.71  0.96  yo
  [2652] 1053.75 1053.79  0.94  lo
  [2653] 1053.83 1054.21  0.97  escribo
  [2654] 1055.34 1055.48  0.90  pues
  [2655] 1055.52 1055.72  0.93  cuando
  [2656] 1055.78 1055.94  0.93  leo
  [2657] 1055.96 1056.10  0.64  ese
  [2658] 1056.14 1056.62  0.99  mensaje
--- frase 166
  [2659] 1057.16 1057.62  0.97  siempre
  [2660] 1057.88 1057.90  0.80  y
  [2661] 1057.94 1058.02  0.94  os
  [2662] 1058.06 1058.20  0.71  puedo
  [2663] 1058.22 1058.44  0.82  decir
  [2664] 1058.58 1058.98  0.15  siempre ?
--- frase 167
  [2665] 1059.72 1060.12  0.96  siempre
  [2666] 1060.28 1060.40  0.94  hay
  [2667] 1060.44 1060.52  0.98  un
  [2668] 1060.56 1060.96  1.00  mensaje
--- frase 168
  [2669] 1061.08 1061.64  0.98  profundo
  [2670] 1062.24 1062.34  0.98  que
  [2671] 1062.38 1062.46  0.98  me
  [2672] 1062.64 1062.74  0.99  da
--- frase 169
  [2673] 1062.92 1063.04  1.00  una
  [2674] 1063.10 1063.62  1.00  respuesta
  [2675] 1063.88 1063.90  0.98  a
  [2676] 1063.98 1064.22  0.93  algo
  [2677] 1064.30 1064.36  1.00  que
  [2678] 1064.40 1064.46  0.99  yo
  [2679] 1064.52 1065.02  0.98  necesitaba
--- frase 170
  [2680] 1065.06 1065.20  0.97  ese
  [2681] 1065.24 1065.44  0.91  día
  [2682] 1066.12 1066.14  0.84  y
  [2683] 1066.22 1066.34  0.47  ahí
  [2684] 1066.40 1066.60  0.80  está
--- frase 171
  [2685] 1066.92 1067.24  0.99  amigos
  [2686] 1067.34 1067.44  0.62  ahí
  [2687] 1067.50 1067.70  0.99  está
  [2688] 1067.76 1067.82  0.99  la
  [2689] 1067.92 1068.16  1.00  forma
  [2690] 1068.18 1068.22  0.93  en
  [2691] 1068.26 1068.32  0.99  la
  [2692] 1068.36 1068.44  0.93  que
  [2693] 1068.48 1068.56  0.96  yo
  [2694] 1068.64 1068.72  0.98  sé
--- frase 172
  [2695] 1068.77 1069.24  0.91  comunicar
  [2696] 1069.64 1069.79  0.83  así
  [2697] 1069.85 1069.92  0.89  que
--- frase 173
  [2698] 1071.25 1071.57  0.97  creer
  [2699] 1071.77 1071.85  0.98  en
  [2700] 1071.87 1072.13  0.68  vuestros
  [2701] 1072.15 1072.35  0.87  guías
  [2702] 1072.39 1073.13  0.84  espirituales
--- frase 174
  [2703] 1074.17 1074.23  0.94  si
  [2704] 1074.27 1074.33  0.98  os
  [2705] 1074.35 1074.57  1.00  dicen
  [2706] 1074.59 1074.69  0.99  los
  [2707] 1074.73 1075.03  0.87  nombres
--- frase 175
  [2708] 1075.09 1075.29  0.98  bien
  [2709] 1075.37 1075.43  0.99  si
  [2710] 1075.49 1075.57  0.99  no
  [2711] 1075.59 1075.65  0.46  os
  [2712] 1075.73 1075.79  0.95  lo
  [2713] 1075.85 1076.13  0.99  dicen
  [2714] 1076.19 1076.39  0.96  bien
--- frase 176
  [2715] 1076.69 1076.97  1.00  dejar
  [2716] 1077.01 1077.09  0.95  que
  [2717] 1077.13 1077.21  0.99  os
  [2718] 1077.23 1077.57  0.94  lleven
  [2719] 1077.59 1077.79  0.98  donde
  [2720] 1077.83 1077.91  0.98  os
  [2721] 1077.93 1078.19  0.97  tengan
  [2722] 1078.23 1078.31  0.88  que
  [2723] 1078.33 1078.65  0.93  llevar
--- frase 177
  [2724] 1079.47 1079.89  0.80  acordaros
  [2725] 1079.93 1080.01  0.78  que
  [2726] 1080.03 1080.31  1.00  tenéis
  [2727] 1080.35 1080.37  0.99  a
  [2728] 1080.43 1080.65  0.99  esos
--- frase 178
  [2729] 1081.35 1081.57  0.96  guías
  [2730] 1081.61 1082.19  1.00  espirituales
--- frase 179
  [2731] 1083.19 1083.54  1.00  ángeles
  [2732] 1083.56 1083.62  0.99  de
  [2733] 1083.63 1083.69  0.99  la
  [2734] 1083.71 1083.93  0.99  guarda
  [2735] 1084.02 1084.10  1.00  que
  [2736] 1084.15 1084.30  1.00  son
  [2737] 1084.36 1084.76  0.99  nuestros
--- frase 180
  [2738] 1084.88 1085.56  0.99  ancestros
  [2739] 1086.24 1086.32  0.97  que
  [2740] 1086.38 1086.64  0.97  están
  [2741] 1086.68 1086.82  0.65  ahí
  [2742] 1086.94 1087.10  1.00  para
  [2743] 1087.18 1087.28  0.99  que
  [2744] 1087.52 1087.66  0.98  les
  [2745] 1087.72 1088.10  0.98  pidamos
  [2746] 1088.16 1088.40  0.99  ayuda
  [2747] 1089.22 1089.24  0.94  y
  [2748] 1089.80 1089.96  0.92  pues
  [2749] 1090.00 1090.18  0.94  nada
  [2750] 1091.38 1091.48  0.87  es
  [2751] 1091.54 1091.60  0.99  un
  [2752] 1091.66 1091.84  0.99  mundo
  [2753] 1091.88 1092.50  1.00  fascinante
  [2754] 1092.58 1092.82  0.99  donde
--- frase 181
  [2755] 1093.06 1093.20  0.83  hay
  [2756] 1093.24 1093.32  0.97  que
  [2757] 1093.38 1093.76  1.00  aprender
  [2758] 1093.80 1093.82  0.99  a
  [2759] 1093.86 1094.48  1.00  comunicarnos
  [2760] 1094.82 1094.92  0.89  con
  [2761] 1094.94 1095.00  0.91  un
  [2762] 1095.04 1095.24  0.87  idioma
  [2763] 1095.28 1095.36  0.92  que
  [2764] 1095.38 1095.42  1.00  no
  [2765] 1095.46 1095.88  0.97  existe
  [2766] 1095.94 1096.06  1.00  pero
  [2767] 1096.08 1096.16  0.99  que
  [2768] 1096.18 1096.46  1.00  podemos
  [2769] 1096.50 1096.90  1.00  inventar
  [2770] 1096.92 1097.06  1.00  cada
--- frase 182
  [2771] 1097.10 1097.20  1.00  uno
  [2772] 1097.22 1097.26  0.85  el
  [2773] 1097.28 1097.54  0.99  nuestro
  [2774] 1098.33 1098.35  1.00  y
  [2775] 1098.38 1098.44  0.99  que
  [2776] 1098.48 1098.53  0.99  es
  [2777] 1098.57 1098.92  1.00  posible
  [2778] 1098.96 1099.46  1.00  comunicarnos
  [2779] 1099.51 1099.61  1.00  con
  [2780] 1099.62 1099.85  1.00  ellos
  [2781] 1100.35 1100.61  1.00  espero
  [2782] 1100.65 1100.71  0.99  que
  [2783] 1100.73 1100.77  0.50  os
  [2784] 1100.85 1101.09  1.00  ayude
  [2785] 1101.13 1101.27  0.96  todo
  [2786] 1101.33 1101.53  0.99  esto
  [2787] 1102.11 1102.13  0.99  y
  [2788] 1102.21 1102.27  0.92  si
--- frase 183
  [2789] 1102.31 1102.39  0.99  os
  [2790] 1102.41 1102.47  0.97  ha
  [2791] 1102.51 1102.79  1.00  gustado
  [2792] 1102.83 1102.87  0.64  el
  [2793] 1102.89 1103.11  1.00  vídeo
  [2794] 1103.23 1103.37  0.99  pues
  [2795] 1103.41 1103.71  0.99  dejarme
  [2796] 1103.81 1103.87  0.28  en ?
  [2797] 1103.89 1103.99  0.97  los
  [2798] 1104.03 1104.55  0.99  comentarios
  [2799] 1105.31 1105.37  0.99  si
  [2800] 1105.43 1105.61  0.98  esto
  [2801] 1105.63 1105.69  0.53  os
  [2802] 1105.73 1106.01  0.96  ayuda
  [2803] 1106.63 1106.65  0.98  y
  [2804] 1106.73 1106.81  1.00  si
--- frase 184
  [2805] 1106.85 1107.09  1.00  tenéis
  [2806] 1107.15 1107.33  0.98  esas
  [2807] 1107.37 1107.81  0.94  experiencias
  [2808] 1107.85 1107.95  0.99  con
  [2809] 1107.97 1108.43  0.95  vuestros
  [2810] 1108.57 1108.79  0.96  guías
  [2811] 1108.83 1109.45  0.98  espirituales
  [2812] 1109.89 1110.15  0.56  gracias
  [2813] 1110.17 1110.19  0.91  a
  [2814] 1110.23 1110.51  0.36  todos

2815 palabras -> trabajo/guias/tiempos.json  (dispositivo: cuda)
'?' = puntuación baja: normal en cifras y nombres en inglés; si una palabra normal sale con '?', revisa el guion.
Whisper frente a la alineación: mediana -0.17 s (adelantado) en 2815 palabras comunes.
