--- frase 1
  [  0]    0.14    0.36  0.74  Dice
  [  1]    0.40    0.48  0.99  que
  [  2]    0.52    0.80  0.99  pasar
  [  3]    0.90    1.14  0.99  tanto
  [  4]    1.20    1.44  0.99  tiempo
  [  5]    1.48    1.60  0.94  allí
  [  6]    1.66    1.72  0.99  no
  [  7]    1.76    1.82  0.99  te
  [  8]    1.84    2.00  0.88  hace
  [  9]    2.08    2.34  0.96  bien
  [ 10]    2.44    2.64  0.98  como
  [ 11]    2.72    2.82  0.96  que
  [ 12]    3.52    3.86  0.97  salgas
  [ 13]    3.92    3.98  0.62  un
  [ 14]    4.02    4.26  0.95  poco
  [ 15]    4.32    4.74  0.93  afuera
  [ 16]    5.02    5.04  0.71  o
  [ 17]    5.96    6.16  0.72  como
  [ 18]    6.76    6.83  0.96  no
  [ 19]    6.88    6.99  0.94  sé
  [ 20]    7.04    7.22  0.94  como
  [ 21]    7.29    7.67  0.84  moverte
  [ 22]    7.71    7.76  0.63  un
  [ 23]    7.80    8.01  0.97  poco
  [ 24]    8.04    8.33  0.86  afuera
  [ 25]    8.39    8.59  0.73  vale
--- frase 2
  [ 26]   11.95   12.17  0.02  Porque ?
  [ 27]   12.25   12.31  0.01  yo ?
  [ 28]   12.37   12.43  0.01  no ?
  [ 29]   12.51   12.71  0.03  quiero ?
  [ 30]   12.79   13.09  0.02  salir ?
  [ 31]   13.17   13.23  0.01  no ?
  [ 32]   13.27   13.33  0.01  me ?
  [ 33]   13.37   13.49  0.01  dan ?
  [ 34]   13.51   13.73  0.01  ganas ?
  [ 35]   13.75   13.81  0.04  de ?
  [ 36]   13.89   14.37  0.02  salir ?
  [ 37]   14.41   14.49  0.04  de ?
  [ 38]   14.55   14.83  0.02  nada ?
  [ 39]   14.87   15.13  0.02  porque ?
  [ 40]   16.17   16.35  0.16  todo ?
  [ 41]   16.41   16.49  0.15  el ?
  [ 42]   16.55   16.77  0.31  día
  [ 43]   17.09   17.41  0.10  éramos ?
  [ 44]   17.43   17.57  0.05  los ?
  [ 45]   17.61   17.83  0.04  dos ?
--- frase 3
  [ 46]   18.09   18.19  0.03  Muy ?
  [ 47]   18.23   18.41  0.05  bien ?
  [ 48]   18.59   18.73  0.02  cuál ?
  [ 49]   18.75   18.83  0.03  es ?
  [ 50]   18.83   18.89  0.00  tu ?
  [ 51]   18.93   20.35  0.01  nombre ?
--- frase 4
  [ 52]   21.13   21.45  0.05  Ingrid ?
--- frase 5
  [ 53]   22.25   22.61  0.87  Cuéntame
  [ 54]   22.68   22.95  0.79  Ingrid
  [ 55]   23.00   23.05  0.98  de
  [ 56]   23.10   23.18  0.93  qué
  [ 57]   23.22   23.26  0.95  te
  [ 58]   23.32   23.60  0.54  resuena
  [ 59]   23.66   23.84  0.97  esto
--- frase 6
  [ 60]   24.70   24.82  0.31  Es
  [ 61]   24.88   24.94  0.91  mi
  [ 62]   25.00   25.20  0.94  papá
--- frase 7
  [ 63]   25.70   25.78  0.77  Yo
  [ 64]   26.04   26.32  0.68  antes
  [ 65]   26.36   26.44  0.45  de
  [ 66]   26.68   26.88  0.79  cuando
  [ 67]   26.92   27.28  0.79  empecé
  [ 68]   27.46   27.66  0.75  cuando
  [ 69]   27.68   27.74  0.66  me
  [ 70]   27.78   27.96  0.71  metí
  [ 71]   28.02   28.10  0.20  al ?
  [ 72]   28.14   29.36  0.24  live ?
  [ 73]   30.12   30.20  0.98  le
  [ 74]   30.26   30.46  0.99  pedí
  [ 75]   30.52   30.60  0.97  que
  [ 76]   30.66   30.74  0.99  se
  [ 77]   30.78   31.32  0.99  presentara
  [ 78]   31.34   31.36  0.03  a ?
  [ 79]   31.40   31.48  0.98  él
  [ 80]   31.54   31.78  0.98  porque
  [ 81]   31.82   31.88  0.84  él
  [ 82]   31.92   32.28  0.95  falleció
  [ 83]   32.32   32.48  0.77  hace
  [ 84]   32.52   32.70  0.99  tres
  [ 85]   32.74   33.22  1.00  semanas
--- frase 8
  [ 86]   36.65   36.66  0.93  A
  [ 87]   36.73   36.80  0.96  él
  [ 88]   36.84   36.92  0.96  le
  [ 89]   36.98   37.10  0.99  dio
  [ 90]   37.27   37.33  0.98  un
  [ 91]   37.38   37.78  0.98  infarto
  [ 92]   37.83   38.47  0.99  intestinal
  [ 93]   38.59   38.67  0.99  que
  [ 94]   38.71   39.05  1.00  terminó
  [ 95]   39.13   39.95  0.99  comprometiéndole
  [ 96]   40.01   40.23  0.99  todos
  [ 97]   40.27   40.41  0.99  sus
  [ 98]   40.49   40.89  0.99  órganos
--- frase 9
  [ 99]   41.79   41.87  1.00  Se
  [100]   41.91   42.17  1.00  puso
  [101]   42.27   42.45  0.98  muy
  [102]   42.51   42.97  0.85  amarillo
  [103]   43.11   43.29  0.64  Bueno
  [104]   43.31   43.37  0.81  el
  [105]   43.39   43.73  0.98  infarto
  [106]   43.79   43.85  0.99  fue
  [107]   43.93   44.05  1.00  tan
  [108]   44.09   44.67  1.00  fulminante
  [109]   44.77   44.87  0.93  que
  [110]   45.01   45.11  0.91  le
  [111]   45.29   45.81  0.97  consumió
  [112]   46.85   46.87  0.98  y
  [113]   46.95   47.01  0.98  le
  [114]   47.05   47.53  1.00  perjudicó
  [115]   47.61   47.85  0.99  todos
  [116]   47.89   48.05  1.00  sus
  [117]   48.13   48.57  1.00  órganos
--- frase 10
  [118]   49.57   49.59  0.98  Y
  [119]   49.65   49.95  0.94  estaba
  [120]   50.09   50.27  0.97  muy
  [121]   50.43   50.89  0.83  amarillo
--- frase 11
  [122]   50.89   51.58  0.00  Todo ?
  [123]   51.70   51.73  0.00  le ?
  [124]   51.80   51.91  0.00  dio ?
  [125]   51.91   51.95  0.00  un ?
  [126]   51.95   52.48  0.00  dolor ?
  [127]   52.72   52.80  0.00  sí ?
  [128]   52.88   52.98  0.00  sí ?
  [129]   53.04   53.28  0.00  sí ?
  [130]   53.28   53.32  0.00  sí ?
  [131]   53.32   59.48  0.00  bárbaro ?
--- frase 12
  [132]   59.90   60.10  0.10  Vale ?
  [133]   60.10   60.20  0.10  venga ?
--- frase 13
  [134]   60.20   60.28  0.00  Juan ?
  [135]   60.28   60.36  0.00  vale ?
  [136]   60.38   60.44  0.46  él
  [137]   60.48   60.56  0.65  es
  [138]   60.58   60.66  0.74  tu
  [139]   60.74   61.00  0.80  padre
  [140]   61.06   61.14  0.35  no
--- frase 14
  [141]   61.50   61.74  0.28  Cuántos ?
  [142]   61.74   62.08  0.01  años ?
  [143]   62.10   62.40  0.64  tenía
  [144]   62.58   62.80  0.75  cuando
  [145]   62.84   63.20  0.74  falleció
--- frase 15
  [146]   63.26   63.32  0.14  Yo ?
  [147]   63.36   63.54  0.14  lo ?
  [148]   63.58   63.82  0.13  veía ?
  [149]   63.96   64.18  0.33  como
--- frase 16
  [150]   66.18   66.25  0.68  Mi
  [151]   66.28   66.42  0.68  papá
  [152]   66.48   66.69  0.94  tenía
  [153]   66.75   67.19  0.46  80
  [154]   67.28   67.48  0.96  pero
  [155]   67.56   68.19  0.99  representaba
  [156]   68.25   68.45  0.99  mucho
  [157]   68.51   68.83  1.00  menos
--- frase 17
  [158]   68.95   68.97  0.99  y
  [159]   69.05   69.13  0.99  la
  [160]   69.19   69.81  0.97  partidura
  [161]   69.93   70.21  0.97  siempre
  [162]   70.29   70.39  0.99  fue
  [163]   70.47   70.65  0.99  como
  [164]   70.73   70.89  0.71  muy
  [165]   70.97   71.53  0.99  marcada
  [166]   71.99   72.21  0.95  aquí
--- frase 18
  [167]   72.29   72.35  0.99  De
  [168]   72.37   72.61  0.95  hecho
  [169]   72.71   72.95  0.61  todos
  [170]   72.97   73.11  0.60  nos
  [171]   73.15   73.45  0.45  reíamos
  [172]   73.49   73.77  0.51  porque
  [173]   73.79   73.89  0.25  él ?
  [174]   74.19   74.35  0.20  se ?
  [175]   74.39   74.43  0.07  lo ?
  [176]   74.43   74.73  0.34  hacía
  [177]   74.83   75.07  0.36  muy
  [178]   75.13   75.39  0.34  acá
--- frase 19
  [179]   75.65   75.67  0.07  y ?
  [180]   75.75   75.85  0.06  se ?
  [181]   75.87   75.95  0.00  lo ?
  [182]   76.09   76.75  0.03  hacía ?
  [183]   76.77   76.83  0.02  al ?
  [184]   76.87   77.03  0.02  lado ?
--- frase 20
  [185]   77.03   77.11  0.01  Eso ?
  [186]   77.11   77.15  0.00  es ?
  [187]   77.15   77.23  0.00  eso ?
  [188]   77.33   77.87  0.00  es ?
  [189]   78.65   78.83  0.00  eso ?
  [190]   79.17   80.03  0.00  es ?
--- frase 21
  [191]   80.03   80.29  0.13  Vale ?
  [192]   81.25   81.72  0.01  venga ?
--- frase 22
  [193]   81.73   81.75  0.66  Y
  [194]   81.88   81.97  0.59  él
  [195]   82.03   82.11  0.61  es
  [196]   82.19   82.42  0.87  como
  [197]   82.72   82.82  0.95  se
  [198]   82.88   83.04  0.95  quedó
  [199]   83.14   83.26  0.91  muy
  [200]   83.30   83.68  0.96  delgado
  [201]   83.74   83.84  0.88  muy
  [202]   83.88   84.52  0.94  consumido
--- frase 23
  [203]   85.70   85.76  0.63  La
  [204]   85.80   86.34  0.59  enfermedad
  [205]   86.44   86.56  0.68  sí
  [206]   86.80   87.04  0.40  pero
  [207]   88.06   88.16  0.66  en
  [208]   88.18   88.26  0.83  el
  [209]   88.28   88.58  0.94  momento
  [210]   88.62   88.68  0.97  de
  [211]   88.74   89.18  0.91  fallecer
  [212]   89.26   89.56  0.99  estuvo
  [213]   89.64   89.82  0.84  muy
  [214]   89.84   90.30  0.17  hinchado ?
  [215]   91.32   91.44  0.01  muy ?
  [216]   91.48   91.88  0.02  hinchado ?
--- frase 24
  [217]   92.40   92.50  0.03  Por ?
  [218]   92.52   92.60  0.04  el ?
  [219]   92.62   93.04  0.05  vientre ?
  [220]   93.14   94.30  0.01  vale ?
  [221]   94.32   94.36  0.17  Es ?
  [222]   94.42   94.58  0.42  como
  [223]   94.62   94.68  0.60  el
  [224]   94.76   95.62  0.98  páncreas
  [225]   95.68   95.70  0.28  y ?
  [226]   95.76   96.06  0.99  cosas
  [227]   96.12   96.36  0.91  así
  [228]   96.42   96.50  0.99  me
  [229]   96.53   96.69  0.97  habla
  [230]   96.75   96.91  0.99  como
  [231]   96.94   97.00  0.96  de
  [232]   97.11   97.51  0.70  órganos
  [233]   97.53   97.65  0.06  al ?
  [234]   97.75   98.01  0.98  final
  [235]   98.05   98.11  0.81  le
  [236]   98.17   98.83  0.37  afectan
--- frase 25
  [237]   98.83   98.93  0.01  Sí ?
  [238]   99.77   99.85  0.90  fue
  [239]   99.91  100.01  0.98  una
  [240]  100.09  100.35  0.74  falla
  [241]  100.41  101.19  0.96  multisistémica
  [242]  101.87  101.95  0.93  que
  [243]  102.01  102.37  0.97  terminó
  [244]  102.43  102.75  0.82  dándole
  [245]  102.79  102.85  0.93  al
  [246]  102.89  103.19  0.98  final
  [247]  103.79  104.01  0.98  por
  [248]  104.09  104.27  0.95  el
  [249]  105.05  105.41  0.96  infarto
  [250]  105.45  105.99  0.90  intestinal
--- frase 26
  [251]  106.19  106.25  0.96  Él
  [252]  106.31  106.45  0.98  está
  [253]  106.51  106.67  0.98  como
  [254]  106.73  107.27  0.98  preocupado
  [255]  107.39  107.59  0.93  vale
  [256]  107.73  107.81  0.97  Él
  [257]  107.87  108.01  0.99  está
  [258]  108.05  108.59  0.98  preocupado
  [259]  109.95  109.99  0.88  Y
  [260]  110.05  110.35  0.92  además
  [261]  110.39  110.47  0.88  es
  [262]  110.53  110.71  0.98  como
  [263]  110.81  110.94  0.99  si
  [264]  110.97  111.33  1.00  dentro
  [265]  111.38  111.44  0.97  de
  [266]  111.45  111.58  0.66  esa
  [267]  111.64  111.89  1.00  casa
  [268]  112.03  112.14  0.94  él
  [269]  112.31  112.54  0.97  está
  [270]  112.62  112.84  0.91  como
  [271]  114.32  114.40  0.98  da
  [272]  114.48  114.90  0.96  vueltas
  [273]  114.94  115.02  0.67  es
  [274]  115.08  115.16  0.99  que
  [275]  115.22  115.48  1.00  pasa
  [276]  115.60  115.66  0.83  de
  [277]  115.68  115.74  0.99  un
  [278]  115.78  115.96  0.99  lado
  [279]  116.00  116.02  0.93  a
  [280]  116.06  116.28  0.95  otro
  [281]  116.68  116.70  0.99  y
  [282]  116.76  116.84  0.99  se
  [283]  116.88  116.94  0.99  da
  [284]  117.00  117.04  0.98  la
  [285]  117.10  117.38  0.95  vuelta
  [286]  117.42  117.44  0.79  y
  [287]  117.48  117.74  0.97  vuelve
  [288]  119.14  119.16  0.51  Y
  [289]  119.26  119.32  0.38  me
  [290]  119.40  119.62  0.35  habla
  [291]  119.98  120.00  0.30  y
  [292]  120.16  120.76  0.93  gesticula
  [293]  120.86  121.04  0.99  como
  [294]  121.10  121.16  1.00  que
  [295]  121.20  121.38  0.99  algo
  [296]  121.46  121.72  1.00  pasa
  [297]  121.78  121.90  0.99  con
  [298]  121.94  122.00  0.99  la
  [299]  122.08  122.36  1.00  casa
  [300]  122.50  122.70  0.99  algo
  [301]  122.80  123.06  1.00  pasa
  [302]  123.12  123.22  0.99  con
  [303]  123.24  123.30  0.99  la
  [304]  123.36  123.62  1.00  casa
  [305]  124.16  124.18  0.91  y
  [306]  124.26  124.34  0.46  no
  [307]  124.42  124.68  0.35  quiere
  [308]  125.14  125.20  0.67  es
  [309]  125.26  125.42  0.84  como
  [310]  125.52  125.62  0.87  si
  [311]  125.94  126.03  0.90  no
  [312]  126.11  126.36  0.91  quiere
  [313]  126.42  126.53  0.92  que
  [314]  126.94  127.05  0.98  os
  [315]  127.11  127.73  0.97  vayáis
  [316]  128.63  128.65  0.94  o
  [317]  128.75  128.85  0.98  que
  [318]  129.11  129.21  0.48  os
  [319]  129.25  129.51  0.96  quiten
  [320]  129.53  129.61  0.99  la
  [321]  129.65  129.97  1.00  casa
  [322]  130.17  130.19  0.99  o
  [323]  130.23  130.31  0.93  que
  [324]  130.35  130.45  0.99  se
  [325]  130.53  130.81  1.00  pierda
  [326]  130.87  130.93  0.99  la
  [327]  130.99  131.27  1.00  casa
--- frase 27
  [328]  131.69  131.85  0.99  algo
  [329]  131.89  132.19  1.00  sucede
  [330]  132.23  132.33  0.44  con
  [331]  132.35  132.41  0.96  la
  [332]  132.43  132.63  0.97  casa
  [333]  132.67  132.83  0.97  vale
  [334]  133.41  133.55  0.99  pero
  [335]  133.59  133.65  0.98  es
  [336]  133.71  134.49  0.99  preocupación
  [337]  134.65  134.97  0.94  porque
  [338]  135.83  135.93  0.85  hay
  [339]  135.97  136.15  0.34  como
  [340]  137.03  137.19  0.98  como
  [341]  137.29  137.37  0.97  si
  [342]  137.41  137.47  0.96  se
  [343]  137.51  137.57  0.95  la
  [344]  137.59  137.87  0.99  pudieras
  [345]  137.93  138.23  1.00  perder
  [346]  138.27  138.29  0.97  o
--- frase 28
  [347]  138.33  138.55  0.97  alguna
  [348]  138.57  138.77  1.00  cosa
  [349]  138.79  138.87  0.38  así
  [350]  138.87  138.91  0.01  es ?
  [351]  138.91  139.01  0.66  que
  [352]  141.74  141.81  0.56  yo
  [353]  141.85  142.06  0.74  creo
  [354]  142.09  142.18  0.86  que
  [355]  142.22  142.40  0.95  tiene
  [356]  142.44  142.76  0.95  sentido
  [357]  142.82  143.12  0.93  porque
  [358]  143.34  143.50  0.94  él
  [359]  144.36  144.52  0.83  era
  [360]  144.72  145.02  0.96  amaba
  [361]  145.10  145.36  0.99  mucho
  [362]  145.44  145.52  0.99  su
  [363]  145.58  145.88  1.00  casa
  [364]  146.74  146.76  0.88  y
  [365]  147.06  147.76  0.99  últimamente
--- frase 29
  [366]  147.82  148.00  0.91  dejó
  [367]  148.04  148.64  0.91  inconcluso
  [368]  148.70  148.90  0.99  algo
  [369]  148.94  149.26  0.98  porque
  [370]  149.30  149.38  0.96  él
  [371]  149.44  149.78  1.00  empezó
  [372]  149.86  149.88  0.99  a
  [373]  149.96  150.62  0.14  construir ?
  [374]  151.28  151.30  0.00  y ?
  [375]  151.36  151.44  0.02  no ?
  [376]  151.52  151.98  0.02  terminó ?
  [377]  154.72  154.80  0.02  se ?
  [378]  154.86  154.96  0.02  fue ?
  [379]  155.06  155.44  0.03  antes ?
--- frase 30
  [380]  158.93  159.13  0.89  Puede
  [381]  159.21  159.39  0.88  ser
  [382]  159.75  159.97  0.54  vale
--- frase 31
  [383]  160.73  160.93  0.95  Eso
  [384]  160.99  161.07  0.91  es
--- frase 32
  [385]  161.47  161.55  0.97  Él
  [386]  161.59  161.81  0.92  tenía
  [387]  161.85  162.01  0.98  como
  [388]  162.03  162.27  1.00  muchas
  [389]  162.31  163.07  0.98  preocupaciones
--- frase 33
  [390]  163.17  163.25  0.99  Es
  [391]  163.29  163.43  0.99  como
  [392]  163.45  163.53  0.65  un
  [393]  163.53  163.71  0.82  hombre
  [394]  163.77  163.87  0.99  muy
  [395]  163.91  164.39  1.00  nervioso
--- frase 34
  [396]  164.91  165.05  0.99  Pero
  [397]  165.11  165.25  0.99  como
  [398]  165.27  165.47  0.99  llevar
  [399]  165.51  165.57  0.94  el
  [400]  165.63  165.87  1.00  nervio
  [401]  165.89  166.01  0.99  por
  [402]  166.05  166.39  0.90  dentro
--- frase 35
  [403]  167.09  167.29  0.93  Como
  [404]  167.37  167.75  0.67  decirte
  [405]  167.87  167.89  0.92  a
  [406]  167.91  167.95  0.39  lo
  [407]  167.95  168.19  0.83  mejor
  [408]  168.47  168.61  0.98  por
  [409]  168.65  168.85  0.96  fuera
--- frase 36
  [410]  168.89  169.45  0.93  Aparentemente
  [411]  169.51  169.57  0.90  no
  [412]  169.61  169.67  0.83  lo
  [413]  169.71  170.09  0.98  parecía
--- frase 37
  [414]  170.63  170.75  0.84  Pero
  [415]  170.75  170.84  0.50  un
  [416]  170.84  171.00  0.75  hombre
  [417]  171.03  171.12  0.79  muy
  [418]  171.13  171.62  0.93  nervioso
  [419]  171.68  171.78  0.67  por
  [420]  171.81  172.08  0.59  dentro
--- frase 38
  [421]  172.08  172.14  0.18  Es ?
  [422]  172.20  172.40  0.51  como
  [423]  173.38  173.58  0.60  mucha
  [424]  173.60  174.44  0.50  ansiedad
--- frase 39
  [425]  175.28  175.46  0.57  Eso
  [426]  175.50  175.60  0.65  es
--- frase 40
  [427]  177.08  177.24  0.34  Vale
  [428]  177.30  177.38  0.40  él
  [429]  177.40  177.46  0.35  me
  [430]  177.52  177.70  0.57  habla
  [431]  177.76  177.86  0.47  de
--- frase 41
  [432]  178.92  179.10  0.69  Como
  [433]  179.20  179.28  0.76  si
  [434]  179.36  179.52  0.82  todo
  [435]  179.54  179.70  0.60  esto
  [436]  179.74  179.82  0.81  se
  [437]  179.86  180.26  0.92  descubre
  [438]  180.34  180.46  0.90  muy
  [439]  180.56  180.94  0.96  tarde
--- frase 42
  [440]  181.00  181.08  0.43  Es
  [441]  181.14  181.32  0.77  como
  [442]  181.42  181.54  0.84  si
  [443]  182.14  182.20  0.58  no
  [444]  182.26  182.32  0.34  da
  [445]  182.44  183.04  0.46  tiempo
--- frase 43
  [446]  183.32  183.48  0.73  Él
  [447]  183.76  183.82  0.93  se
  [448]  183.86  183.92  0.93  lo
  [449]  183.92  184.08  0.70  lleva
  [450]  184.20  184.56  0.94  rápido
--- frase 44
  [451]  185.10  185.12  0.24  Y ?
  [452]  185.14  185.41  0.00  no ?
  [453]  185.59  185.65  0.22  hay ?
  [454]  185.72  185.82  0.77  un
  [455]  185.94  186.31  0.89  tiempo
  [456]  187.11  187.17  0.65  de
  [457]  187.17  187.45  0.61  hacerse
  [458]  187.49  187.55  0.89  la
  [459]  187.61  187.87  0.81  idea
  [460]  188.45  188.67  0.32  vale
--- frase 45
  [461]  189.53  189.63  0.88  Sí
  [462]  189.77  189.85  0.94  mi
  [463]  189.91  190.19  0.99  papá
  [464]  191.19  191.37  0.97  esto
  [465]  191.41  191.51  0.96  fue
  [466]  191.57  191.69  0.90  muy
  [467]  191.81  192.19  1.00  rápido
  [468]  192.37  192.51  0.95  él
  [469]  192.59  192.89  0.97  estaba
  [470]  192.95  193.09  0.75  muy
  [471]  193.13  193.31  0.61  bien
  [472]  193.35  193.43  0.83  un
  [473]  193.47  193.63  0.98  día
  [474]  193.71  194.33  0.86  miércoles
  [475]  195.01  195.45  0.98  almorzó
  [476]  195.55  195.93  0.98  conmigo
  [477]  195.97  196.23  0.83  porque
  [478]  197.73  197.89  0.68  este
  [479]  197.91  197.95  0.49  es
  [480]  197.99  198.07  0.99  su
  [481]  198.17  198.45  1.00  casa
  [482]  198.51  198.53  0.94  y
  [483]  198.59  198.67  0.98  yo
  [484]  198.71  198.97  0.99  vivía
  [485]  199.03  199.13  1.00  con
  [486]  199.15  199.23  0.99  él
  [487]  199.29  199.57  0.97  entonces
  [488]  199.61  199.79  0.98  siempre
  [489]  199.83  200.19  0.87  estábamos
  [490]  200.22  200.34  0.65  los
  [491]  200.35  200.47  0.69  dos
  [492]  200.51  200.90  0.80  solitos
  [493]  200.91  201.18  0.95  porque
  [494]  201.74  201.98  0.97  todos
  [495]  202.00  202.10  0.99  los
  [496]  202.14  202.36  0.99  demás
  [497]  202.42  202.86  0.94  trabajan
  [498]  202.94  203.26  0.61  entonces
  [499]  203.28  203.54  0.95  siempre
  [500]  203.58  203.98  0.86  quedábamos
  [501]  204.00  204.12  0.61  los
  [502]  204.18  204.30  0.66  dos
  [503]  204.34  204.60  0.68  fuimos
  [504]  204.64  204.78  0.88  muy
  [505]  204.92  205.26  0.93  panel
  [506]  205.32  205.44  0.97  con
  [507]  205.48  205.56  0.90  él
--- frase 46
  [508]  207.56  207.58  0.84  Y
  [509]  207.66  207.76  0.86  el
  [510]  207.82  207.98  0.96  día
  [511]  208.16  208.24  0.93  en
  [512]  208.28  208.36  0.97  la
  [513]  208.42  208.74  0.99  noche
  [514]  208.84  209.16  0.98  empezó
  [515]  209.22  209.36  0.99  con
  [516]  209.42  209.50  0.97  un
  [517]  209.56  209.94  0.96  dolor
  [518]  210.16  210.22  0.95  en
  [519]  210.26  210.32  0.91  su
  [520]  210.36  210.80  0.97  estómago
  [521]  210.84  210.98  0.89  muy
  [522]  211.06  211.48  0.94  fuerte
--- frase 47
  [523]  212.64  212.70  0.95  Lo
  [524]  212.72  213.08  0.96  llevaron
  [525]  213.12  213.14  0.71  a
  [526]  213.16  213.94  0.99  urgencias
  [527]  214.20  214.22  0.98  y
  [528]  214.60  214.66  0.82  le
  [529]  214.68  215.02  0.99  hicieron
  [530]  215.06  215.12  0.99  un
  [531]  215.16  215.65  0.96  escáner
  [532]  216.75  216.77  0.99  y
  [533]  216.83  217.05  0.96  tenía
  [534]  217.11  217.19  0.94  un
  [535]  217.21  217.67  0.85  infarto
  [536]  217.69  218.29  0.97  intestinal
  [537]  218.43  219.05  0.99  fulminante
  [538]  219.13  219.21  0.92  que
  [539]  220.77  220.83  0.95  se
  [540]  220.87  220.93  0.96  lo
  [541]  220.95  221.15  0.97  llevó
--- frase 48
  [542]  221.15  222.57  0.00  Pero ?
  [543]  222.67  223.05  0.00  cuestión ?
  [544]  223.11  223.17  0.00  de ?
  [545]  223.23  225.87  0.00  horas ?
--- frase 49
  [546]  225.87  226.05  0.28  Bueno ?
  [547]  226.15  226.23  0.75  en
  [548]  226.29  226.65  0.85  cuestión
  [549]  226.71  226.77  0.93  de
  [550]  226.81  227.13  0.82  horas
  [551]  227.29  227.53  0.98  quedó
  [552]  227.85  227.97  0.94  ya
  [553]  228.75  229.03  0.99  grave
  [554]  229.79  229.81  0.99  y
  [555]  229.93  230.13  1.00  duró
  [556]  230.44  230.68  0.99  tres
  [557]  230.74  231.28  1.00  semanas
  [558]  232.50  232.52  0.97  y
  [559]  232.56  232.64  0.96  se
  [560]  232.72  232.82  0.93  fue
  [561]  232.88  232.98  0.96  fue
  [562]  233.04  233.16  0.97  muy
  [563]  233.28  233.56  0.96  rápido
--- frase 50
  [564]  233.62  233.68  0.99  Él
  [565]  233.74  234.04  0.99  estaba
  [566]  234.12  234.26  0.96  muy
  [567]  234.32  234.52  0.99  bien
  [568]  234.84  234.96  0.91  Fue
  [569]  235.04  235.22  0.99  algo
  [570]  235.28  235.36  0.96  que
  [571]  235.42  235.66  0.96  nadie
  [572]  235.72  235.78  0.45  se
  [573]  235.80  236.08  0.25  esperaba ?
--- frase 51
  [574]  236.08  236.14  0.00  Muy ?
  [575]  236.14  236.32  0.00  rápido ?
  [576]  236.32  236.40  0.01  eh ?
  [577]  238.04  238.28  0.02  Vale ?
--- frase 52
  [578]  240.20  240.46  0.00  Venga ?
--- frase 53
  [579]  244.82  244.88  0.02  Me ?
  [580]  244.93  245.06  0.07  dice ?
  [581]  245.16  245.49  0.01  cinco ?
  [582]  245.66  245.72  0.18  No ?
  [583]  245.78  245.84  0.14  sé ?
  [584]  245.91  246.03  0.12  por ?
  [585]  246.06  246.15  0.22  qué ?
  [586]  246.31  246.61  0.02  cinco ?
  [587]  247.15  247.23  0.14  No ?
  [588]  247.31  247.37  0.11  sé ?
  [589]  247.45  247.53  0.15  si ?
  [590]  247.61  247.89  0.17  sois ?
--- frase 54
  [591]  249.67  249.95  0.01  Éramos ?
  [592]  249.99  250.33  0.00  cinco ?
  [593]  251.63  251.69  0.01  Mi ?
  [594]  251.77  252.03  0.03  mamá ?
  [595]  252.43  252.57  0.02  mis ?
  [596]  252.61  252.75  0.02  tres ?
  [597]  252.77  253.19  0.01  hermanos ?
  [598]  253.33  253.35  0.01  y ?
  [599]  253.43  253.55  0.03  él ?
--- frase 55
  [600]  254.83  255.01  0.00  Eso ?
  [601]  255.63  256.13  0.00  es ?
  [602]  256.13  256.33  0.00  Vale ?
--- frase 56
  [603]  257.19  257.37  0.88  Venga
  [604]  257.83  257.97  0.86  él
  [605]  258.27  258.35  0.94  no
  [606]  258.45  258.55  0.92  se
  [607]  258.59  258.87  0.93  quería
  [608]  258.97  259.09  0.92  ir
  [609]  259.13  259.23  0.74  Es
  [610]  259.29  259.49  0.97  como
  [611]  259.65  259.75  0.99  si
  [612]  259.83  259.92  0.99  no
  [613]  260.07  260.42  1.00  podía
  [614]  260.50  260.88  1.00  faltar
--- frase 57
  [615]  260.92  261.10  1.00  Dice
  [616]  261.15  261.19  0.99  yo
  [617]  261.24  261.30  0.99  no
  [618]  261.32  261.52  0.99  podía
  [619]  261.56  261.86  0.96  faltar
  [620]  262.48  262.60  0.99  Es
  [621]  262.66  262.80  0.99  como
  [622]  262.86  262.92  0.99  un
  [623]  262.94  263.16  1.00  pilar
  [624]  263.20  263.84  1.00  importante
  [625]  263.96  263.98  0.99  o
  [626]  264.06  264.30  0.99  alguien
  [627]  264.34  264.96  0.99  importante
  [628]  265.00  265.06  0.85  en
  [629]  265.08  265.14  0.99  la
  [630]  265.20  265.62  0.99  familia
  [631]  265.68  265.84  0.85  vale
  [632]  267.20  267.36  0.95  Todo
  [633]  267.38  267.42  0.67  ha
  [634]  267.46  267.70  0.98  sido
  [635]  267.90  268.08  0.98  como
  [636]  268.12  268.20  0.83  un
  [637]  268.26  268.60  0.79  caos
  [638]  268.72  268.74  0.97  o
  [639]  268.80  268.84  0.81  ha
  [640]  268.90  269.34  0.99  cambiado
  [641]  269.38  269.90  0.97  muchísimo
  [642]  269.94  270.10  0.55  vale
  [643]  271.52  271.76  0.42  Dice
  [644]  271.80  271.90  0.27  él ?
  [645]  271.94  272.02  0.41  ni
  [646]  272.12  272.52  0.70  siquiera
  [647]  272.72  272.82  0.76  sé
  [648]  273.52  273.74  0.92  cómo
  [649]  273.78  273.86  0.93  lo
  [650]  273.90  274.08  0.95  vais
  [651]  274.08  274.10  0.01  a ?
  [652]  274.14  274.44  0.96  hacer
  [653]  274.58  274.64  0.95  No
  [654]  274.73  274.79  0.92  sé
  [655]  274.94  275.05  0.90  por
  [656]  275.06  275.14  0.97  qué
  [657]  275.17  275.23  0.95  me
  [658]  275.26  275.49  0.98  dice
  [659]  275.52  275.70  0.63  eso
  [660]  276.27  276.31  0.40  Ni
  [661]  276.37  276.71  0.83  siquiera
  [662]  277.03  277.17  0.91  como
  [663]  277.23  277.29  0.92  si
  [664]  277.33  277.39  0.95  no
  [665]  277.43  277.63  0.96  sabéis
  [666]  277.67  277.81  0.98  cómo
  [667]  277.83  277.89  0.97  lo
  [668]  277.91  278.03  0.95  vais
  [669]  278.05  278.07  0.00  a ?
  [670]  278.09  278.47  0.97  hacer
  [671]  278.53  278.57  0.78  o
  [672]  278.65  278.83  0.99  cómo
  [673]  278.89  278.95  0.90  os
  [674]  279.01  279.23  0.99  vais
  [675]  279.83  280.11  0.84  ahora
  [676]  280.39  280.41  0.94  a
  [677]  280.49  281.01  0.98  desenvolver
  [678]  281.07  281.23  0.87  sin
  [679]  281.29  281.39  0.97  él
--- frase 58
  [680]  282.61  282.71  0.95  él
  [681]  282.77  283.13  0.97  quería
  [682]  284.15  284.47  0.97  estar
--- frase 59
  [683]  284.57  284.63  0.78  es
  [684]  284.69  284.85  0.98  como
  [685]  284.93  285.01  0.99  si
  [686]  285.07  285.13  0.95  él
  [687]  285.25  285.83  0.99  necesitaba
  [688]  285.87  286.11  0.90  estar
--- frase 60
  [689]  286.21  286.51  0.92  porque
--- frase 61
  [690]  288.69  288.75  0.44  es
  [691]  288.79  288.95  0.91  como
  [692]  288.99  289.43  0.98  ayudar
  [693]  289.51  289.54  0.95  o
  [694]  289.68  289.74  0.89  no
  [695]  289.80  290.04  0.97  poder
  [696]  290.12  290.51  0.87  faltar
--- frase 62
  [697]  290.80  290.86  0.93  no
  [698]  290.89  291.10  0.94  poder
  [699]  291.14  291.42  0.64  faltar
--- frase 63
  [700]  294.08  294.14  0.16  me ?
  [701]  294.16  294.32  0.11  habla ?
  [702]  294.34  294.40  0.44  de
--- frase 64
  [703]  294.46  294.82  0.35  trabajar
  [704]  294.90  295.24  0.58  mucho
  [705]  295.38  295.40  0.54  o
  [706]  295.40  295.56  0.43  haber
  [707]  295.62  296.00  0.43  trabajado
  [708]  296.16  296.50  0.58  mucho
--- frase 65
  [709]  297.16  297.18  0.44  o
  [710]  297.34  297.78  0.48  incluso
--- frase 66
  [711]  298.52  298.60  0.04  en ?
  [712]  298.72  299.02  0.29  varios ?
  [713]  299.08  299.68  0.35  lugares
  [714]  299.76  299.78  0.33  o
  [715]  299.84  300.00  0.33  como
  [716]  300.12  300.30  0.17  todo ?
  [717]  300.36  300.46  0.39  el
  [718]  300.50  300.74  0.27  día ?
--- frase 67
  [719]  300.86  300.88  0.53  o
  [720]  300.92  301.04  0.42  sea
  [721]  301.40  301.74  0.73  muchas
  [722]  301.82  302.24  0.63  cosas
--- frase 68
  [723]  304.67  304.88  0.79  porque
  [724]  304.93  304.96  0.63  él
  [725]  305.00  305.23  0.96  tenía
  [726]  305.26  305.38  0.97  como
  [727]  305.40  305.49  0.97  una
  [728]  305.52  306.13  0.93  ilusión
--- frase 69
  [729]  306.17  306.19  0.64  o
  [730]  306.27  306.49  0.75  como
  [731]  306.77  306.93  0.83  eso
  [732]  306.97  307.05  0.94  que
  [733]  307.09  307.15  0.88  se
  [734]  307.19  307.39  0.65  estaba
  [735]  307.43  307.99  0.93  construyendo
--- frase 70
  [736]  308.37  308.41  0.03  en ?
  [737]  308.45  308.65  0.52  alguna
  [738]  308.67  308.93  0.75  manera
--- frase 71
  [739]  311.59  311.75  0.08  Pues ?
  [740]  311.89  312.07  0.08  creo ?
  [741]  312.11  312.17  0.03  que ?
  [742]  312.23  312.53  0.03  trabajó ?
  [743]  312.59  312.97  0.01  demasiado ?
--- frase 72
  [744]  313.47  313.67  0.02  Dice ?
  [745]  313.89  314.05  0.05  creo ?
  [746]  314.27  314.33  0.41  que
  [747]  314.37  314.67  0.28  trabajé ?
  [748]  314.73  315.17  0.36  demasiado
--- frase 73
  [749]  315.17  315.87  0.00  Sí ?
--- frase 74
  [750]  317.55  317.65  0.01  Él ?
  [751]  317.69  317.83  0.02  era ?
  [752]  317.89  318.21  0.04  maestro ?
  [753]  318.25  318.89  0.02  carpintero ?
--- frase 75
  [754]  319.95  320.07  0.26  Quiere ?
  [755]  320.15  320.24  0.79  que
  [756]  320.27  320.38  0.87  le
--- frase 76
  [757]  321.44  321.96  0.98  Despidas
  [758]  322.04  322.10  0.98  de
  [759]  322.16  322.48  0.99  todos
  [760]  322.56  322.80  1.00  dice
--- frase 77
  [761]  322.96  323.04  1.00  Que
  [762]  323.06  323.12  0.99  le
  [763]  323.16  323.26  0.98  des
  [764]  323.32  323.56  1.00  muchos
  [765]  323.60  323.88  0.85  besos
--- frase 78
  [766]  324.30  324.38  0.99  Yo
  [767]  324.40  324.46  0.66  me
  [768]  324.48  324.80  0.92  imagino
  [769]  324.84  324.92  0.91  que
  [770]  324.96  325.16  0.95  será
--- frase 79
  [771]  327.10  327.32  0.93  Porque
  [772]  327.34  327.40  0.46  me
  [773]  327.44  327.48  0.48  ha
  [774]  327.48  327.58  0.27  dado ?
  [775]  327.60  327.68  0.97  una
  [776]  327.74  328.04  0.99  mujer
  [777]  328.10  328.18  0.96  que
  [778]  328.20  328.24  0.97  ha
  [779]  328.28  328.64  0.88  quedado
--- frase 80
  [780]  329.40  329.52  0.27  Como ?
  [781]  329.56  329.66  0.40  una
  [782]  329.70  330.22  0.43  viuda
--- frase 81
  [783]  330.88  330.96  0.11  Que ?
  [784]  330.96  331.00  0.00  ha ?
  [785]  331.02  331.34  0.24  quedado ?
  [786]  331.42  331.68  0.45  mal
--- frase 82
  [787]  334.67  334.88  0.13  Vale ?
--- frase 83
  [788]  337.39  337.47  0.96  Él
  [789]  337.53  337.59  0.96  me
  [790]  337.63  337.75  0.71  está
  [791]  337.79  338.11  0.97  hablando
--- frase 84
  [792]  338.57  338.63  0.98  de
  [793]  338.69  338.77  0.98  que
  [794]  338.85  338.95  0.99  tú
  [795]  339.07  339.23  0.99  eres
  [796]  339.29  339.49  0.99  como
  [797]  339.55  339.61  0.99  un
  [798]  339.65  339.91  1.00  pilar
  [799]  339.95  340.05  0.95  muy
  [800]  340.07  340.73  1.00  importante
--- frase 85
  [801]  341.11  341.13  0.98  y
  [802]  341.19  341.25  0.99  es
  [803]  341.31  341.47  0.99  como
  [804]  341.51  341.59  0.95  si
  [805]  341.63  341.71  0.90  tú
  [806]  341.71  341.87  0.39  hadas
  [807]  342.07  342.47  0.99  asumido
--- frase 86
  [808]  342.53  342.59  0.90  un
  [809]  342.63  342.97  1.00  papel
  [810]  343.01  343.25  0.79  ahora
  [811]  343.77  343.85  0.99  de
  [812]  343.91  344.15  0.66  cuidar
  [813]  344.19  344.27  0.99  de
  [814]  344.33  344.65  0.99  todos
--- frase 87
  [815]  344.83  344.85  0.97  o
  [816]  344.95  345.05  0.88  de
  [817]  346.01  346.27  0.96  estar
  [818]  346.35  346.45  0.92  tú
--- frase 88
  [819]  347.71  347.79  0.92  de
  [820]  347.87  348.53  0.97  responsable
--- frase 89
  [821]  348.55  348.61  0.95  de
  [822]  348.65  348.91  0.98  muchas
  [823]  348.97  349.27  0.99  cosas
  [824]  349.33  349.50  0.95  vale
  [825]  349.54  349.62  0.94  Que
  [826]  349.63  349.81  0.91  estás
  [827]  349.88  350.24  0.77  ayudando
  [828]  350.30  350.60  0.87  mucho
--- frase 90
  [829]  352.80  352.82  0.93  y
  [830]  352.96  353.14  0.92  estás
  [831]  353.16  353.44  0.97  ayudando
  [832]  353.48  353.50  0.87  a
  [833]  353.52  353.58  0.92  tu
  [834]  353.62  353.80  0.90  mamá
  [835]  353.88  354.18  0.57  también
  [836]  354.22  354.26  0.01  eh ?
--- frase 91
  [837]  354.26  354.30  0.00  Sí ?
--- frase 92
  [838]  354.82  354.90  0.07  El ?
  [839]  354.98  355.06  0.00  que ?
  [840]  355.18  355.24  0.00  te ?
  [841]  355.40  355.46  0.01  da ?
  [842]  355.50  355.60  0.02  las ?
  [843]  355.64  356.12  0.02  gracias ?
--- frase 93
  [844]  358.14  358.16  0.01  Y ?
  [845]  358.20  358.28  0.01  que ?
  [846]  358.32  358.38  0.02  no ?
  [847]  358.44  358.50  0.02  la ?
  [848]  358.56  358.88  0.02  dejes ?
  [849]  358.94  359.20  0.02  sola ?
--- frase 94
  [850]  359.34  359.40  0.09  No ?
  [851]  359.44  359.50  0.09  la ?
  [852]  359.54  359.78  0.11  dejéis ?
  [853]  359.82  360.18  0.06  sola ?
--- frase 95
  [854]  361.12  361.28  0.10  Ella ?
  [855]  361.34  361.42  0.08  no ?
  [856]  361.46  361.66  0.07  puede ?
  [857]  361.68  361.86  0.10  estar ?
  [858]  361.94  362.18  0.13  sola ?
--- frase 96
  [859]  363.70  364.93  0.11  Vale ?
--- frase 97
  [860]  367.45  372.43  0.13  Vale ?
--- frase 98
  [861]  377.37  381.06  0.09  Gracias ?
--- frase 99
  [862]  398.59  398.69  0.06  Él ?
  [863]  398.75  401.99  0.10  quiere ?
  [864]  402.05  402.23  0.19  como ?
  [865]  402.33  402.69  0.16  calma ?
  [866]  402.81  402.89  0.11  él ?
  [867]  402.93  403.11  0.16  pide ?
  [868]  403.17  403.31  0.14  como ?
  [869]  403.39  403.69  0.08  calma ?
  [870]  403.77  403.91  0.04  vale ?
  [871]  409.00  409.07  0.45  No
  [872]  409.15  409.25  0.45  sé
  [873]  409.31  409.45  0.54  por
  [874]  409.51  409.63  0.59  qué
  [875]  409.86  409.94  0.61  es
  [876]  410.00  410.24  0.69  como
  [877]  410.32  410.88  0.92  movimientos
  [878]  410.96  411.44  0.99  rápidos
  [879]  411.60  411.62  0.97  o
  [880]  411.68  412.20  0.98  decisiones
  [881]  412.26  412.68  0.97  rápidas
  [882]  412.68  412.70  0.19  y ?
  [883]  412.74  412.82  0.92  él
  [884]  412.84  413.00  0.93  pide
  [885]  413.06  413.22  0.87  como
  [886]  413.26  413.54  0.89  calma
--- frase 100
  [887]  415.18  415.30  0.18  Ya ?
--- frase 101
  [888]  420.80  421.00  0.09  vale ?
--- frase 102
  [889]  422.44  422.62  0.13  venga ?
--- frase 103
  [890]  423.14  423.26  0.65  él
  [891]  423.44  423.70  0.98  dice
  [892]  423.76  423.85  0.95  que
  [893]  423.90  423.99  0.84  no
  [894]  424.06  424.26  0.99  sabe
--- frase 104
  [895]  424.32  424.49  0.99  cómo
  [896]  424.52  424.58  0.98  lo
  [897]  424.62  424.67  0.47  va
  [898]  424.69  424.70  0.82  a
  [899]  424.70  425.05  0.59  hacer
--- frase 105
  [900]  425.11  425.27  0.92  pero
  [901]  425.33  425.41  0.95  que
  [902]  425.51  425.77  0.92  quiere
--- frase 106
  [903]  426.05  426.43  0.96  seguir
  [904]  426.49  427.03  0.95  ayudando
--- frase 107
  [905]  428.13  428.15  0.96  a
  [906]  428.21  428.27  0.99  la
  [907]  428.33  428.75  1.00  familia
--- frase 108
  [908]  428.79  429.01  0.93  porque
  [909]  429.03  429.09  0.96  él
  [910]  429.13  429.19  0.99  me
  [911]  429.21  429.41  1.00  habla
--- frase 109
  [912]  429.43  429.49  0.99  de
  [913]  429.53  429.59  0.99  que
  [914]  429.63  430.17  0.92  necesitáis
  [915]  430.25  430.53  0.99  ayuda
--- frase 110
  [916]  432.21  432.39  0.72  veo
  [917]  432.47  432.67  0.96  como
--- frase 111
  [918]  433.31  433.39  0.96  no
  [919]  433.47  433.53  0.95  sé
  [920]  433.59  433.67  0.98  si
  [921]  433.71  433.81  0.90  hay
  [922]  433.93  434.31  0.99  personas
--- frase 112
  [923]  434.35  434.47  0.97  más
  [924]  434.53  435.01  0.99  pequeñas
--- frase 113
  [925]  435.09  435.11  0.97  o
  [926]  435.17  435.41  0.93  alguien
  [927]  435.49  435.65  0.59  más
  [928]  435.71  436.01  0.56  joven
--- frase 114
  [929]  436.49  436.69  0.06  vale ?
--- frase 115
  [930]  437.33  437.47  0.45  pero
  [931]  437.85  437.93  0.55  me
  [932]  437.95  438.11  0.58  habla
  [933]  438.17  438.35  0.59  como
--- frase 116
  [934]  438.42  438.50  0.63  de
  [935]  438.65  438.83  0.63  haber
  [936]  438.92  439.06  0.65  más
  [937]  439.12  439.54  0.76  jóvenes
--- frase 117
  [938]  440.18  440.30  0.21  sí ?
--- frase 118
  [939]  443.54  443.64  0.94  es
  [940]  443.70  443.80  0.98  una
  [941]  443.84  444.20  0.99  situación
--- frase 119
  [942]  444.24  444.26  0.51  a
  [943]  444.28  444.34  0.56  lo
  [944]  444.36  444.60  0.98  mejor
  [945]  444.64  444.68  0.81  un
  [946]  444.72  445.08  0.99  poquito
--- frase 120
  [947]  445.50  446.14  0.76  complicada
  [948]  446.28  447.06  1.00  económicamente
--- frase 121
  [949]  447.14  447.36  0.97  porque
  [950]  447.40  447.46  0.91  él
  [951]  447.50  447.54  0.98  me
  [952]  447.58  447.74  0.99  habla
  [953]  447.82  448.00  0.95  como
  [954]  448.10  448.18  0.86  que
  [955]  448.26  448.34  0.94  su
  [956]  448.38  448.90  0.94  preocupación
  [957]  448.94  448.98  0.47  es
  [958]  449.00  449.16  0.91  esa
--- frase 122
  [959]  450.48  450.56  0.93  que
  [960]  450.60  450.86  0.76  tengáis
  [961]  450.90  451.42  0.99  suficiente
--- frase 123
  [962]  451.46  451.54  0.98  que
  [963]  451.56  451.62  0.98  no
  [964]  451.64  451.68  0.31  os
  [965]  451.70  451.94  0.93  falte
  [966]  451.96  452.02  0.99  de
  [967]  452.08  452.30  0.99  nada
--- frase 124
  [968]  452.88  453.08  0.99  dice
  [969]  453.18  453.29  0.89  él
  [970]  454.55  454.61  0.98  que
  [971]  454.64  454.70  0.97  no
  [972]  454.75  454.93  0.85  sabe
--- frase 125
  [973]  454.97  455.13  0.99  cómo
  [974]  455.15  455.21  0.98  lo
  [975]  455.23  455.39  0.68  vais
  [976]  455.41  455.43  0.07  a ?
  [977]  455.43  455.69  0.78  hacer
  [978]  455.99  456.13  0.96  está
  [979]  456.17  456.65  0.96  preocupado
--- frase 126
  [980]  461.19  461.35  0.61  está
  [981]  461.39  461.43  0.18  un ?
  [982]  461.43  461.59  0.90  poco
  [983]  461.63  461.99  1.00  nervioso
  [984]  462.03  462.45  0.99  todavía
--- frase 127
  [985]  462.59  462.67  0.92  es
  [986]  462.73  462.91  0.94  todo
  [987]  462.95  463.05  0.96  muy
  [988]  463.11  463.63  0.99  reciente
--- frase 128
  [989]  465.15  465.31  0.91  está
  [990]  465.33  465.37  0.16  un ?
  [991]  465.39  465.65  0.94  poquito
  [992]  465.73  465.89  0.95  así
  [993]  465.97  466.25  0.64  afectado
  [994]  466.27  466.41  0.97  pero
  [995]  466.45  466.53  0.92  él
  [996]  466.57  466.73  0.88  está
  [997]  466.81  466.99  0.85  bien
--- frase 129
  [998]  467.19  469.18  0.75  él
  [999]  469.18  469.21  0.50  ha
  [1000]  469.24  469.66  0.75  trascendido
--- frase 130
  [1001]  469.68  469.70  0.15  y ?
  [1002]  469.74  469.82  0.84  él
  [1003]  469.84  470.20  0.79  descansa
  [1004]  470.24  470.28  0.64  en
  [1005]  470.32  470.50  0.66  paz
--- frase 131
  [1006]  470.94  471.02  0.80  él
  [1007]  471.06  471.24  0.82  está
  [1008]  471.28  471.46  0.88  bien
--- frase 132
  [1009]  473.00  473.10  0.59  hay
  [1010]  473.16  473.34  0.90  otro
  [1011]  473.36  473.62  0.97  hombre
  [1012]  473.64  473.76  0.94  aquí
  [1013]  473.76  473.82  0.96  en
  [1014]  473.84  473.90  0.91  el
  [1015]  473.92  474.06  0.68  plano
  [1016]  474.10  474.62  0.85  espiritual
--- frase 133
  [1017]  475.34  475.44  0.04  Hay ?
  [1018]  475.48  475.64  0.03  otro ?
  [1019]  475.68  475.92  0.04  hombre ?
  [1020]  478.38  478.56  0.01  Como ?
  [1021]  479.50  479.56  0.01  se ?
  [1022]  479.58  479.66  0.02  han ?
  [1023]  479.74  480.12  0.31  reunido
  [1024]  480.16  480.22  0.97  me
  [1025]  480.22  480.36  0.53  habla
  [1026]  480.42  480.58  0.96  como
  [1027]  480.66  480.70  0.97  se
  [1028]  480.72  480.82  0.93  han
  [1029]  480.88  481.18  0.99  reunido
  [1030]  481.22  481.26  0.48  se
  [1031]  481.26  481.36  0.92  han
  [1032]  481.42  481.94  0.99  encontrado
  [1033]  483.00  483.11  0.91  Hay
  [1034]  483.12  483.29  0.96  otro
  [1035]  483.32  483.75  0.99  familiar
  [1036]  483.79  483.87  0.96  que
  [1037]  483.88  483.94  0.89  es
  [1038]  483.99  484.06  0.99  un
  [1039]  484.06  484.29  0.82  hombre
  [1040]  484.31  484.63  0.97  también
--- frase 134
  [1041]  485.31  485.41  0.04  Es ?
  [1042]  485.43  485.51  0.06  mi ?
  [1043]  485.51  485.75  0.03  hijo ?
--- frase 135
  [1044]  487.11  487.37  0.00  Vale ?
--- frase 136
  [1045]  488.59  488.87  0.00  Venga ?
--- frase 137
  [1046]  491.69  491.97  0.04  Vale ?
--- frase 138
  [1047]  493.99  494.15  0.68  Juan
  [1048]  494.17  494.39  0.63  dice
  [1049]  494.45  494.55  0.85  que
  [1050]  494.89  495.21  0.98  todavía
  [1051]  495.25  495.29  0.93  es
  [1052]  495.35  495.45  0.95  muy
  [1053]  495.53  495.91  0.99  pronto
  [1054]  495.97  496.05  0.84  no
  [1055]  496.11  496.29  0.84  Pero
  [1056]  497.39  497.47  0.88  que
  [1057]  497.53  497.94  0.99  ayudará
  [1058]  498.19  498.24  0.62  o
  [1059]  498.27  498.44  0.78  hará
  [1060]  498.50  498.56  0.99  lo
  [1061]  498.57  498.65  0.99  que
  [1062]  498.71  498.92  0.85  pueda
  [1063]  499.00  499.04  0.60  de
  [1064]  499.06  499.33  0.97  alguna
  [1065]  499.44  499.76  0.99  forma
  [1066]  500.14  500.38  0.63  vale
--- frase 139
  [1067]  500.92  501.04  0.55  Hay
  [1068]  501.08  501.26  0.99  como
  [1069]  501.34  501.70  0.68  muchas
  [1070]  501.94  502.22  1.00  cosas
  [1071]  502.28  502.36  0.99  que
  [1072]  502.40  502.72  0.99  arreglar
  [1073]  502.78  502.96  1.00  mucho
  [1074]  503.00  503.50  1.00  papeleo
  [1075]  503.64  503.66  0.98  o
  [1076]  503.72  503.98  0.99  muchas
  [1077]  504.08  504.38  0.99  cosas
  [1078]  504.42  504.50  0.95  que
  [1079]  504.54  504.86  1.00  arreglar
  [1080]  504.90  505.14  0.96  dice
--- frase 140
  [1081]  505.76  505.84  0.08  Sí ?
  [1082]  505.94  506.02  0.13  mi ?
  [1083]  506.08  506.32  0.01  mamá ?
--- frase 141
  [1084]  511.02  511.18  0.97  Dice
  [1085]  511.22  511.30  0.94  que
  [1086]  511.34  511.64  0.99  cargas
  [1087]  511.68  511.80  0.99  con
  [1088]  511.86  512.10  0.99  mucho
  [1089]  512.18  512.26  0.91  tú
  [1090]  512.48  512.54  0.94  que
  [1091]  512.60  512.66  0.97  te
  [1092]  512.70  512.99  0.98  cargas
  [1093]  513.04  513.26  0.95  todo
--- frase 142
  [1094]  514.21  514.37  0.91  Está
  [1095]  514.41  514.45  0.37  un
  [1096]  514.47  514.61  0.98  poco
  [1097]  514.63  514.83  0.91  también
  [1098]  514.85  515.31  1.00  preocupado
  [1099]  515.35  515.55  0.97  porque
  [1100]  515.57  515.71  0.99  dice
  [1101]  515.73  515.81  0.97  que
  [1102]  515.83  515.89  0.99  tú
  [1103]  515.95  516.29  0.99  tampoco
  [1104]  516.35  516.63  0.98  puedes
  [1105]  516.69  516.87  0.51  todo
--- frase 143
  [1106]  518.77  518.85  0.83  Lo
  [1107]  518.91  518.99  0.93  que
  [1108]  519.07  519.37  0.86  pasa
  [1109]  519.47  519.55  0.90  es
  [1110]  519.63  519.75  0.93  que
  [1111]  520.99  521.23  0.93  cuando
  [1112]  521.29  521.35  0.37  él
  [1113]  521.41  521.93  0.83  falleció
  [1114]  522.85  522.91  0.98  mi
  [1115]  522.99  523.21  0.99  mamá
  [1116]  523.29  523.39  0.99  se
  [1117]  523.47  523.59  0.99  fue
  [1118]  523.65  523.71  0.98  de
  [1119]  523.75  523.93  0.99  aquí
  [1120]  524.61  524.83  0.99  donde
  [1121]  524.89  524.93  0.99  mi
  [1122]  524.97  525.33  1.00  hermana
--- frase 144
  [1123]  525.41  525.69  0.96  porque
  [1124]  525.77  525.85  0.99  no
  [1125]  525.95  526.17  0.95  quiere
  [1126]  526.21  526.43  0.97  estar
  [1127]  526.47  526.65  1.00  aquí
  [1128]  526.83  526.95  1.00  con
  [1129]  527.01  527.15  0.67  sus
  [1130]  527.21  527.82  0.89  recuerdos
--- frase 145
  [1131]  528.36  528.51  0.93  Ella
  [1132]  528.55  528.79  0.60  llora
  [1133]  528.84  528.86  0.54  y
  [1134]  528.93  529.22  1.00  sufre
  [1135]  529.28  529.58  0.99  mucho
--- frase 146
  [1136]  530.38  530.50  0.97  Por
  [1137]  530.52  530.66  0.99  eso
  [1138]  530.74  530.82  0.99  yo
  [1139]  530.86  531.04  1.00  creo
  [1140]  531.08  531.16  0.99  que
  [1141]  531.20  531.22  0.99  a
  [1142]  531.24  531.28  0.23  él ?
  [1143]  531.34  531.42  0.99  le
  [1144]  531.44  531.86  1.00  preocupa
  [1145]  531.92  531.98  0.97  mi
  [1146]  532.04  532.28  0.99  mamá
--- frase 147
  [1147]  533.32  533.34  0.91  Y
  [1148]  534.24  534.32  0.98  yo
  [1149]  534.40  534.62  0.98  quedé
  [1150]  534.72  534.92  0.73  sola
  [1151]  534.94  535.12  0.96  aquí
  [1152]  535.22  535.24  0.97  o
  [1153]  535.32  535.46  0.96  sea
  [1154]  535.54  535.68  0.96  con
  [1155]  536.58  536.76  0.54  mis
  [1156]  536.80  537.00  0.66  dos
  [1157]  537.06  537.32  0.76  hijos
  [1158]  537.40  537.54  0.91  una
  [1159]  537.60  537.92  0.95  nieta
  [1160]  538.60  538.62  0.91  y
  [1161]  538.66  538.72  0.92  mi
  [1162]  538.76  539.20  0.85  esposo
--- frase 148
  [1163]  540.26  540.42  0.95  Pero
  [1164]  540.48  540.54  0.98  mi
  [1165]  540.60  540.98  0.78  esposo
  [1166]  541.02  541.04  0.98  y
  [1167]  541.08  541.14  0.99  mi
  [1168]  541.18  541.40  0.99  hija
  [1169]  541.46  542.00  0.98  trabajan
--- frase 149
  [1170]  543.18  543.33  0.96  Los
  [1171]  543.38  543.62  0.97  niños
  [1172]  543.66  543.80  0.99  van
  [1173]  543.87  543.95  0.99  al
  [1174]  544.00  544.43  0.99  colegio
  [1175]  544.51  544.93  0.96  entonces
  [1176]  544.97  545.07  0.94  yo
  [1177]  545.17  545.39  0.98  quedo
  [1178]  545.51  545.77  0.97  sola
--- frase 150
  [1179]  547.57  547.79  0.98  Sola
  [1180]  547.83  547.95  0.99  con
  [1181]  547.97  548.05  0.98  la
  [1182]  548.07  548.65  0.81  ausencia
  [1183]  548.69  548.79  0.98  con
  [1184]  548.83  548.93  0.95  los
  [1185]  548.99  549.65  0.95  recuerdos
  [1186]  549.73  549.75  0.98  y
  [1187]  549.87  550.15  0.99  eso
  [1188]  550.89  550.91  0.99  a
  [1189]  550.99  551.07  0.99  mí
  [1190]  551.21  551.29  0.99  no
  [1191]  551.33  551.41  0.99  me
  [1192]  551.45  551.67  0.99  tiene
  [1193]  551.71  551.89  0.82  bien
--- frase 151
  [1194]  562.72  562.82  0.94  él
  [1195]  562.90  562.98  0.97  me
  [1196]  563.08  563.30  0.98  habla
  [1197]  563.82  563.92  0.93  de
  [1198]  563.98  564.36  0.99  ponerle
--- frase 152
  [1199]  564.42  564.56  0.99  una
  [1200]  564.60  564.84  0.98  vela
  [1201]  565.92  566.08  0.94  Hay
  [1202]  566.18  566.36  0.99  una
--- frase 153
  [1203]  566.58  567.00  0.91  velita
  [1204]  567.04  567.12  0.99  que
  [1205]  567.16  567.24  0.99  se
  [1206]  567.28  567.34  0.94  le
  [1207]  567.38  567.90  0.99  enciende
  [1208]  567.94  567.96  0.97  o
  [1209]  568.02  568.10  0.98  se
  [1210]  568.14  568.22  0.98  le
  [1211]  568.26  568.46  1.00  pone
--- frase 154
  [1212]  568.56  568.78  0.99  algo
  [1213]  568.84  569.04  0.98  vale
  [1214]  569.34  569.54  0.93  Para
  [1215]  569.62  569.70  0.14  él ?
--- frase 155
  [1216]  571.52  571.54  0.03  Y ?
  [1217]  571.60  571.80  0.43  dice
  [1218]  571.84  571.92  0.91  que
  [1219]  571.96  572.06  0.93  tú
  [1220]  572.16  572.35  0.86  como
--- frase 156
  [1221]  572.40  572.49  0.97  que
  [1222]  572.52  572.62  0.96  le
  [1223]  572.76  573.00  0.94  haces
  [1224]  573.07  573.76  1.00  oraciones
  [1225]  573.83  573.85  0.99  o
  [1226]  573.89  573.97  0.97  le
  [1227]  573.99  574.29  0.99  dices
--- frase 157
  [1228]  574.37  574.81  1.00  cosas
  [1229]  574.91  574.93  0.99  y
  [1230]  574.99  575.03  0.96  le
  [1231]  575.05  575.21  0.80  haces
  [1232]  575.27  575.43  0.46  como
  [1233]  575.45  575.95  0.64  oraciones
  [1234]  575.99  576.09  0.83  con
  [1235]  576.13  576.21  0.77  el
  [1236]  576.23  576.55  0.84  pedir
--- frase 158
  [1237]  577.23  577.25  0.97  Y
  [1238]  577.33  577.45  0.97  él
  [1239]  577.53  577.59  0.99  te
  [1240]  577.65  577.69  0.98  da
  [1241]  577.75  577.87  0.98  las
  [1242]  577.89  578.27  0.97  gracias
--- frase 159
  [1243]  578.33  578.57  0.97  porque
  [1244]  578.61  578.69  0.97  le
  [1245]  578.77  579.11  0.96  ayuda
  [1246]  579.19  579.41  0.99  dice
  [1247]  579.49  579.57  0.99  que
  [1248]  579.59  579.67  0.98  le
  [1249]  579.71  579.97  0.97  ayuda
  [1250]  580.03  580.27  0.48  mucho
--- frase 160
  [1251]  581.61  581.67  0.84  Tú
  [1252]  581.69  581.79  0.86  has
  [1253]  581.87  582.21  0.69  pedido
--- frase 161
  [1254]  583.33  583.51  0.52  como
  [1255]  583.57  583.93  0.78  pedirle
  [1256]  583.99  584.01  0.88  a
  [1257]  584.05  584.27  0.93  Dios
--- frase 162
  [1258]  584.37  584.47  0.82  que
  [1259]  585.45  585.53  0.86  lo
  [1260]  585.59  585.91  0.97  ayude
  [1261]  586.03  586.05  0.94  a
  [1262]  586.07  586.29  0.80  estar
--- frase 163
  [1263]  586.35  586.73  0.99  bien
  [1264]  586.79  586.81  0.96  o
  [1265]  586.89  586.97  0.97  que
  [1266]  587.01  587.09  0.94  lo
  [1267]  587.15  587.39  0.99  tenga
  [1268]  587.48  587.74  0.98  bien
--- frase 164
  [1269]  589.38  589.60  0.65  Eso
  [1270]  589.64  589.76  0.66  es
--- frase 165
  [1271]  590.40  590.42  0.73  Y
  [1272]  590.46  590.56  0.66  él
  [1273]  590.58  590.78  0.78  dice
  [1274]  590.84  590.94  0.61  que
  [1275]  591.34  591.66  0.59  quería
  [1276]  592.00  592.14  0.73  pues
  [1277]  592.20  592.26  0.56  un
  [1278]  592.28  592.46  0.76  poco
  [1279]  593.86  593.92  0.88  que
  [1280]  593.96  594.00  0.96  te
  [1281]  594.04  594.24  0.98  quedes
  [1282]  594.28  594.74  1.00  tranquila
  [1283]  594.80  594.86  0.99  no
--- frase 166
  [1284]  594.94  595.12  0.80  Porque
  [1285]  595.14  595.34  0.90  estás
  [1286]  595.42  595.54  0.93  muy
  [1287]  595.58  596.14  0.99  preocupada
--- frase 167
  [1288]  596.64  596.80  1.00  Como
  [1289]  596.82  597.06  1.00  darte
  [1290]  597.08  597.20  0.66  ese
  [1291]  597.24  597.64  1.00  mensaje
  [1292]  597.68  597.82  0.99  para
  [1293]  597.84  597.92  0.98  que
  [1294]  597.94  598.00  0.99  tú
  [1295]  598.04  598.12  0.99  te
  [1296]  598.14  598.34  0.97  quedes
  [1297]  598.38  598.80  0.96  tranquila
--- frase 168
  [1298]  599.54  599.74  0.13  Vale ?
--- frase 169
  [1299]  600.86  600.92  0.22  Le ?
  [1300]  600.96  601.20  0.17  hablas ?
  [1301]  601.26  601.38  0.02  por ?
  [1302]  601.42  601.48  0.06  la ?
  [1303]  601.56  601.82  0.16  noche ?
--- frase 170
  [1304]  601.86  602.04  0.46  Dice
  [1305]  602.08  602.16  0.68  que
  [1306]  602.21  602.26  0.52  le
  [1307]  602.30  602.62  0.49  hablas
--- frase 171
  [1308]  602.64  602.87  0.47  Hablas
  [1309]  602.95  603.11  0.40  como
  [1310]  603.18  603.33  0.38  con
  [1311]  603.37  603.45  0.30  él
--- frase 172
  [1312]  603.59  603.75  0.02  Toda ?
  [1313]  603.79  603.87  0.03  la ?
  [1314]  603.91  604.23  0.02  noche ?
--- frase 173
  [1315]  606.49  608.41  0.14  Vale ?
--- frase 174
  [1316]  609.73  609.75  0.87  Y
  [1317]  609.81  609.89  0.95  él
  [1318]  609.95  610.13  0.99  quiere
  [1319]  610.21  610.73  0.99  calmarte
  [1320]  610.77  610.81  0.96  un
  [1321]  610.85  611.27  0.89  poquito
  [1322]  611.31  611.47  0.95  vale
--- frase 175
  [1323]  611.51  611.71  0.94  Como
  [1324]  611.79  611.87  0.95  que
  [1325]  611.91  611.97  0.93  te
  [1326]  611.99  612.31  0.33  estés
  [1327]  612.37  612.51  0.96  más
  [1328]  612.53  612.99  0.97  tranquila
--- frase 176
  [1329]  614.73  614.93  0.10  Vale ?
--- frase 177
  [1330]  615.03  615.19  0.88  Dice
  [1331]  615.23  615.29  0.97  que
  [1332]  615.33  615.51  0.95  todo
  [1333]  615.53  615.59  0.79  va
  [1334]  615.63  615.65  0.00  a ?
  [1335]  615.65  615.89  0.81  salir
  [1336]  615.91  616.09  0.99  bien
  [1337]  616.13  616.19  0.98  que
  [1338]  616.21  616.27  0.96  no
  [1339]  616.31  616.39  0.99  te
  [1340]  616.43  616.91  0.98  preocupes
--- frase 178
  [1341]  618.90  619.10  0.79  Eso
  [1342]  619.16  619.28  0.70  es
--- frase 179
  [1343]  621.68  621.92  0.15  Vale ?
--- frase 180
  [1344]  623.28  623.60  0.17  Venga ?
--- frase 181
  [1345]  624.06  624.24  0.60  Todo
  [1346]  624.30  624.42  0.61  muy
  [1347]  624.50  624.82  0.89  rápido
  [1348]  624.86  625.02  0.78  dice
  [1349]  625.06  625.10  0.51  ha
  [1350]  625.14  625.30  0.82  sido
  [1351]  625.34  625.50  0.86  todo
  [1352]  625.56  625.66  0.79  muy
  [1353]  625.72  626.02  0.89  rápido
--- frase 182
  [1354]  626.54  626.76  0.95  Todo
  [1355]  626.80  627.24  0.99  demasiado
  [1356]  627.32  627.62  0.90  rápido
--- frase 183
  [1357]  627.62  627.82  0.00  Sí ?
--- frase 184
  [1358]  627.82  628.14  0.00  Me ?
  [1359]  629.74  629.92  0.00  habla ?
  [1360]  629.96  630.00  0.00  de ?
  [1361]  630.00  630.26  0.63  unas
  [1362]  630.40  630.82  0.85  fotos
  [1363]  630.96  631.04  0.65  que
  [1364]  631.06  631.18  0.45  hay
  [1365]  631.26  631.42  0.51  allí
--- frase 185
  [1366]  633.99  634.09  0.68  Hay
  [1367]  634.11  634.33  0.57  algunas
  [1368]  634.35  634.41  0.28  que ?
  [1369]  634.45  634.75  0.75  salen
--- frase 186
  [1370]  634.83  634.97  0.99  Pero
  [1371]  635.05  635.23  0.81  sale
  [1372]  635.29  635.37  0.86  él
  [1373]  635.45  635.59  0.87  con
  [1374]  635.69  635.85  0.98  más
  [1375]  636.19  636.67  0.96  personas
--- frase 187
  [1376]  636.71  636.89  0.99  Como
  [1377]  636.99  637.11  0.97  si
  [1378]  637.29  637.43  0.89  hay
  [1379]  637.49  637.81  0.98  varios
  [1380]  637.91  638.25  1.00  miembros
  [1381]  638.29  638.33  0.99  de
  [1382]  638.37  638.43  0.98  la
  [1383]  638.47  638.79  0.95  familia
--- frase 188
  [1384]  638.91  638.99  0.00  Es ?
  [1385]  639.03  639.89  0.16  que ?
  [1386]  639.95  640.11  0.18  aquí ?
  [1387]  640.15  640.25  0.29  en ?
  [1388]  640.27  640.37  0.24  mi ?
  [1389]  640.43  640.79  0.47  casa
--- frase 189
  [1390]  641.61  641.71  0.20  Él ?
  [1391]  641.85  642.09  0.12  tiene ?
  [1392]  642.17  642.29  0.01  las ?
  [1393]  642.41  642.81  0.02  paredes ?
--- frase 190
  [1394]  642.81  643.27  0.02  Llenas ?
  [1395]  643.31  643.37  0.08  de ?
  [1396]  643.45  643.79  0.15  fotos ?
--- frase 191
  [1397]  645.13  645.45  0.07  Llenas ?
  [1398]  645.47  645.55  0.25  de ?
  [1399]  645.63  646.01  0.09  fotos ?
--- frase 192
  [1400]  646.11  646.45  0.03  Toda ?
  [1401]  646.59  646.67  0.12  la ?
  [1402]  646.82  647.25  0.12  casa ?
  [1403]  647.43  647.65  0.06  tiene ?
  [1404]  647.74  648.03  0.04  fotos ?
  [1405]  648.08  648.28  0.06  donde ?
  [1406]  648.36  648.60  0.01  sale ?
  [1407]  648.74  648.94  0.01  él ?
--- frase 193
  [1408]  649.02  649.20  0.01  veo ?
  [1409]  649.20  649.36  0.16  unas ?
  [1410]  649.38  649.46  0.52  que
  [1411]  649.50  649.68  0.36  están
  [1412]  649.70  649.90  0.80  como
  [1413]  649.96  650.08  0.72  muy
  [1414]  650.16  650.24  0.91  en
  [1415]  650.28  650.56  0.77  alto
--- frase 194
  [1416]  651.40  651.70  0.01  muestra ?
  [1417]  651.74  651.90  0.01  unas ?
  [1418]  651.90  652.06  0.00  como ?
  [1419]  652.06  652.20  0.03  están ?
  [1420]  652.20  652.32  0.21  muy ?
  [1421]  652.38  652.64  0.15  altas ?
--- frase 195
  [1422]  653.18  653.28  0.27  no ?
  [1423]  653.46  653.56  0.34  sé
  [1424]  653.64  653.74  0.36  si
  [1425]  653.80  653.88  0.47  se
  [1426]  653.98  654.26  0.56  pueden
  [1427]  654.32  654.78  0.49  mostrar
--- frase 196
  [1428]  655.02  655.10  0.35  si
  [1429]  655.14  655.26  0.25  las ?
  [1430]  655.32  655.54  0.44  puedo
  [1431]  655.60  656.10  0.21  mostrar ?
--- frase 197
  [1432]  657.28  657.50  0.27  como ?
  [1433]  657.58  657.90  0.53  quieras
  [1434]  658.26  658.42  0.90  pero
  [1435]  658.50  658.60  0.93  sí
--- frase 198
  [1436]  658.70  658.80  0.92  él
  [1437]  658.84  658.90  0.90  me
  [1438]  658.98  659.30  0.70  habla
  [1439]  659.34  659.40  0.96  de
  [1440]  659.44  659.60  0.97  unas
  [1441]  659.62  659.68  0.95  que
  [1442]  659.72  659.94  0.91  están
  [1443]  659.98  666.37  0.10  arriba ?
--- frase 199
  [1444]  666.39  666.49  0.00  ahí ?
--- frase 200
  [1445]  666.51  666.81  0.00  ahí ?
--- frase 201
  [1446]  666.81  667.19  0.08  esas ?
--- frase 202
  [1447]  669.17  669.27  0.92  sí
  [1448]  669.49  669.59  0.42  hay
  [1449]  669.65  669.79  0.73  unas
  [1450]  669.81  669.89  0.97  que
  [1451]  669.97  670.15  0.30  son
  [1452]  670.25  670.41  0.94  como
--- frase 203
  [1453]  670.47  670.61  0.96  más
  [1454]  670.69  671.15  0.96  personas
  [1455]  671.21  671.35  0.69  eso
  [1456]  671.41  671.51  0.79  es
--- frase 204
  [1457]  671.51  671.73  0.01  vale ?
  [1458]  673.77  675.51  0.00  venga ?
--- frase 205
  [1459]  675.51  675.73  0.15  vale ?
  [1460]  675.75  675.83  0.63  él
  [1461]  675.89  676.11  0.77  dice
  [1462]  676.17  676.27  0.88  que
--- frase 206
  [1463]  677.41  677.60  0.91  bueno
  [1464]  677.65  677.72  0.03  que ?
  [1465]  677.72  677.89  0.87  aunque
  [1466]  677.93  678.00  0.97  él
  [1467]  678.04  678.10  0.99  no
  [1468]  678.16  678.38  0.98  quería
  [1469]  678.38  678.44  0.00  ir ?
--- frase 207
  [1470]  678.46  678.74  0.96  irse
  [1471]  678.82  678.84  0.36  y
  [1472]  678.88  678.94  0.94  que
  [1473]  678.98  679.02  0.94  él
  [1474]  679.06  679.12  0.98  no
  [1475]  679.16  679.32  0.69  podía
  [1476]  679.38  679.72  0.95  faltar
  [1477]  679.76  679.94  0.93  pero
  [1478]  680.00  680.08  0.90  que
  [1479]  680.18  680.42  0.91  quiere
--- frase 208
  [1480]  680.62  680.68  0.02  un ?
  [1481]  680.70  680.90  0.97  poco
  [1482]  680.96  681.12  0.81  como
  [1483]  681.18  682.56  0.90  que
--- frase 209
  [1484]  682.60  682.64  0.46  os
  [1485]  682.68  682.96  0.93  quedéis
  [1486]  683.00  683.68  0.99  tranquilas
  [1487]  684.18  684.20  0.96  y
  [1488]  684.28  684.38  0.99  que
--- frase 210
  [1489]  685.56  686.24  0.96  aprenderéis
  [1490]  686.32  686.34  0.88  o
--- frase 211
  [1491]  686.66  687.18  0.84  conseguiréis
  [1492]  687.20  687.44  0.69  salir
  [1493]  687.46  687.86  0.95  adelante
--- frase 212
  [1494]  689.88  689.98  0.13  Hay ?
  [1495]  690.12  690.40  0.99  mucho
--- frase 213
  [1496]  690.46  690.66  0.98  como
  [1497]  690.84  691.24  0.99  quedarse
  [1498]  691.28  691.40  0.61  eso
  [1499]  691.45  691.47  0.97  a
  [1500]  691.50  691.97  0.99  medias
  [1501]  692.00  692.02  0.97  o
  [1502]  692.07  692.33  0.99  quedarse
--- frase 214
  [1503]  692.38  692.57  0.99  todo
  [1504]  692.61  692.78  0.99  así
  [1505]  693.55  693.63  0.77  que
  [1506]  693.67  693.73  0.85  él
  [1507]  693.79  693.85  0.99  no
  [1508]  693.89  693.97  0.97  lo
  [1509]  694.03  694.43  1.00  termina
--- frase 215
  [1510]  694.59  694.77  0.99  está
  [1511]  694.83  694.99  0.71  como
  [1512]  695.01  695.09  0.79  un
  [1513]  695.11  695.35  0.99  poco
  [1514]  695.45  695.67  0.94  bueno
--- frase 216
  [1515]  696.37  696.55  0.96  como
  [1516]  696.63  696.75  0.96  su
  [1517]  696.97  697.55  0.99  ilusión
  [1518]  697.57  697.59  0.95  o
  [1519]  697.63  697.71  0.98  su
  [1520]  697.75  698.17  0.97  proyecto
--- frase 217
  [1521]  698.87  698.89  0.99  y
  [1522]  698.95  699.01  0.99  al
  [1523]  699.05  699.29  1.00  final
  [1524]  699.33  699.39  0.99  no
  [1525]  699.43  699.51  0.93  le
  [1526]  699.55  699.65  0.99  da
  [1527]  699.89  700.07  0.97  dice
  [1528]  700.11  700.17  0.92  al
  [1529]  700.19  700.43  0.99  final
--- frase 218
  [1530]  700.49  700.67  0.97  nada
--- frase 219
  [1531]  702.39  702.45  0.77  Él
  [1532]  702.51  702.83  0.89  sufrió
  [1533]  703.29  703.47  0.82  aunque
  [1534]  703.53  703.63  0.88  fue
  [1535]  703.73  704.05  0.97  rápido
  [1536]  704.13  704.49  0.78  sufrió
--- frase 220
  [1537]  705.39  705.59  0.73  como
  [1538]  705.75  706.01  0.78  mucho
  [1539]  706.01  706.27  0.31  dolor
--- frase 221
  [1540]  706.39  706.62  0.82  vale
--- frase 222
  [1541]  709.34  709.56  0.96  pero
  [1542]  710.04  710.24  0.98  bueno
  [1543]  710.30  710.38  0.98  al
  [1544]  710.40  710.76  0.99  final
--- frase 223
  [1545]  710.96  711.04  0.99  él
  [1546]  711.10  711.26  0.99  está
  [1547]  711.30  711.94  0.98  descansando
  [1548]  712.04  712.06  0.95  y
  [1549]  712.08  712.14  0.65  él
  [1550]  712.20  712.36  0.99  está
  [1551]  712.42  712.64  0.99  bien
--- frase 224
  [1552]  713.28  713.48  0.94  ahora
  [1553]  713.52  713.62  0.96  está
  [1554]  713.66  713.78  0.67  muy
  [1555]  713.80  714.30  0.87  tranquilo
--- frase 225
  [1556]  714.70  714.84  0.83  está
  [1557]  714.86  714.96  0.96  más
  [1558]  714.98  715.36  0.95  tranquilo
--- frase 226
  [1559]  718.82  718.88  0.66  me
  [1560]  718.94  719.12  0.82  dice
  [1561]  719.20  719.28  0.85  que
  [1562]  719.32  719.42  0.65  hay
  [1563]  719.48  719.80  0.77  cosas
  [1564]  719.86  720.04  0.63  como
  [1565]  720.14  720.24  0.60  que
  [1566]  720.36  720.46  0.41  tú
--- frase 227
  [1567]  721.16  721.18  0.75  o
  [1568]  721.25  721.42  0.92  como
  [1569]  721.50  721.76  0.98  cosas
  [1570]  721.83  721.88  0.98  que
  [1571]  721.95  722.00  0.98  no
  [1572]  722.09  722.18  0.98  se
  [1573]  722.25  722.62  0.99  cuentan
--- frase 228
  [1574]  722.67  722.83  0.94  para
  [1575]  722.89  722.93  0.96  no
  [1576]  722.95  723.17  0.74  hacer
  [1577]  723.23  723.51  0.94  daño
--- frase 229
  [1578]  724.57  724.65  0.90  no
  [1579]  724.69  724.75  0.93  sé
  [1580]  724.79  724.85  0.98  lo
  [1581]  724.87  724.95  0.98  que
  [1582]  724.97  725.01  0.49  es
  [1583]  725.03  725.19  0.87  eso
--- frase 230
  [1584]  726.11  726.31  0.84  pero
  [1585]  727.77  727.95  0.75  bueno
--- frase 231
  [1586]  728.33  728.61  0.96  cosas
  [1587]  728.67  728.75  0.98  que
  [1588]  728.85  729.15  0.97  quizá
  [1589]  729.43  729.49  0.98  no
  [1590]  729.57  729.63  0.98  se
  [1591]  729.65  729.77  0.94  han
  [1592]  729.79  730.15  0.99  dicho
--- frase 232
  [1593]  730.29  730.31  0.88  o
  [1594]  730.35  730.41  0.96  no
  [1595]  730.47  730.53  0.96  se
  [1596]  730.55  730.67  0.96  han
  [1597]  730.75  730.99  0.99  dicho
  [1598]  731.03  731.17  0.98  del
  [1599]  731.25  731.49  0.98  todo
  [1600]  731.59  731.75  0.89  para
  [1601]  731.79  731.85  0.90  no
  [1602]  731.85  732.05  0.67  hacer
  [1603]  732.11  732.35  0.92  daño
--- frase 233
  [1604]  733.37  733.57  0.06  eso ?
  [1605]  733.63  733.73  0.05  es ?
--- frase 234
  [1606]  734.29  734.47  0.02  puede ?
  [1607]  734.63  734.83  0.01  ser ?
--- frase 235
  [1608]  735.69  735.77  0.17  sí ?
  [1609]  736.63  736.84  0.47  vale
--- frase 236
  [1610]  736.93  736.96  0.79  y
  [1611]  737.01  737.20  0.78  como
  [1612]  737.25  737.34  0.87  que
  [1613]  737.43  737.53  0.83  tú
  [1614]  737.82  737.92  0.78  hay
  [1615]  738.00  738.32  0.99  cosas
  [1616]  738.36  738.44  0.99  que
  [1617]  738.50  738.60  0.98  no
  [1618]  738.74  738.80  0.96  se
  [1619]  738.84  738.94  0.97  las
  [1620]  738.96  739.22  1.00  dices
--- frase 237
  [1621]  739.26  739.28  0.99  a
  [1622]  739.32  739.40  0.99  tu
  [1623]  739.48  739.84  1.00  madre
  [1624]  740.08  740.26  0.99  para
  [1625]  740.36  740.44  0.96  que
  [1626]  740.46  740.60  0.51  ella
  [1627]  740.64  740.76  0.97  esté
  [1628]  740.82  741.42  0.98  tranquila
--- frase 238
  [1629]  742.92  743.10  0.47  eso
  [1630]  743.14  743.26  0.62  es
--- frase 239
  [1631]  744.14  744.22  0.67  él
  [1632]  744.26  744.32  0.79  te
  [1633]  744.36  744.84  0.68  agradece
  [1634]  744.92  745.22  0.62  mucho
--- frase 240
  [1635]  745.72  745.88  0.43  dice
  [1636]  745.92  745.98  0.56  que
  [1637]  746.60  746.68  0.59  se
  [1638]  746.72  746.98  0.71  comunica
  [1639]  747.02  747.18  0.89  mucho
--- frase 241
  [1640]  747.22  747.64  0.95  contigo
  [1641]  747.82  748.00  0.77  como
  [1642]  748.06  748.16  0.64  si
  [1643]  748.24  748.32  0.61  te
--- frase 242
  [1644]  749.60  749.86  0.39  manda
  [1645]  750.52  751.14  0.98  sensaciones
--- frase 243
  [1646]  751.30  751.45  0.98  son
  [1647]  751.49  751.95  0.97  sensaciones
  [1648]  751.97  752.11  0.82  todo
  [1649]  752.11  752.14  0.00  el ?
  [1650]  752.16  752.35  0.79  rato
--- frase 244
  [1651]  752.38  752.45  0.35  sí
  [1652]  752.45  752.49  0.01  yo ?
  [1653]  752.51  752.63  0.00  lo ?
  [1654]  752.69  752.75  0.03  he ?
  [1655]  753.41  753.89  0.11  sentido ?
  [1656]  753.95  754.67  0.00  mucho ?
--- frase 245
  [1657]  754.87  755.05  0.38  eres
  [1658]  755.05  755.15  0.65  muy
  [1659]  755.19  755.67  0.63  nervioso
--- frase 246
  [1660]  756.29  756.53  0.94  nunca
  [1661]  756.57  756.83  0.80  estaba
  [1662]  756.91  757.21  0.89  quieto
  [1663]  757.39  757.73  0.96  siempre
  [1664]  757.77  758.05  0.93  estaba
  [1665]  758.07  758.47  0.53  haciendo
  [1666]  758.53  758.77  0.62  algo
--- frase 247
  [1667]  761.03  761.49  0.07  siempre ?
--- frase 248
  [1668]  761.65  761.67  0.04  a ?
  [1669]  761.77  761.99  0.20  pesar ?
  [1670]  762.01  762.07  0.33  de
  [1671]  762.13  762.17  0.62  la
  [1672]  762.23  762.39  0.66  edad
  [1673]  762.43  762.51  0.84  que
  [1674]  762.57  762.85  0.59  tenía
--- frase 249
  [1675]  762.93  763.01  0.66  que
  [1676]  763.03  763.09  0.41  él
  [1677]  763.15  763.23  0.82  no
  [1678]  763.29  763.37  0.85  la
  [1679]  763.47  764.37  0.73  representaba
--- frase 250
  [1680]  765.33  765.43  0.83  Fue
  [1681]  765.51  765.65  0.87  muy
  [1682]  765.71  766.15  0.96  activo
--- frase 251
  [1683]  766.32  766.55  0.94  Toda
  [1684]  766.65  766.74  0.95  su
  [1685]  766.79  767.01  0.95  vida
  [1686]  767.12  767.25  0.83  muy
  [1687]  767.34  767.80  0.85  activo
--- frase 252
  [1688]  776.28  776.34  0.54  Ya
  [1689]  776.40  776.46  0.27  te ?
  [1690]  776.50  776.64  0.87  digo
  [1691]  776.68  776.76  0.77  que
  [1692]  776.78  776.84  0.56  él
  [1693]  776.88  777.08  0.94  dice
--- frase 253
  [1694]  777.12  777.28  0.75  Como
  [1695]  777.32  777.40  0.80  que
  [1696]  777.42  777.50  0.70  es
  [1697]  777.66  777.78  0.84  muy
  [1698]  777.84  778.24  0.92  pronto
--- frase 254
  [1699]  779.04  779.06  0.83  Y
  [1700]  779.86  779.96  0.68  él
  [1701]  780.00  780.08  0.99  me
  [1702]  780.14  780.32  1.00  pide
  [1703]  780.36  780.54  0.99  como
  [1704]  780.62  780.90  0.98  calma
--- frase 255
  [1705]  781.07  781.21  0.88  Como
  [1706]  781.25  781.33  0.91  que
  [1707]  781.37  781.54  0.96  dice
  [1708]  781.59  781.68  0.95  que
  [1709]  781.97  782.51  0.99  calmar
--- frase 256
  [1710]  782.57  782.67  0.97  Que
  [1711]  782.79  782.93  0.99  con
  [1712]  782.95  783.03  0.97  el
  [1713]  783.11  783.47  1.00  tiempo
--- frase 257
  [1714]  783.53  783.61  0.97  Que
  [1715]  783.63  783.75  0.99  las
  [1716]  783.81  784.15  0.99  cosas
  [1717]  784.19  784.27  0.99  se
  [1718]  784.31  784.51  0.99  irán
  [1719]  784.57  784.85  0.99  poniendo
  [1720]  784.89  784.95  0.97  en
  [1721]  784.99  785.07  1.00  su
  [1722]  785.17  785.45  0.95  sitio
--- frase 258
  [1723]  785.45  785.55  0.24  Esa ?
  [1724]  785.65  786.49  0.20  era ?
  [1725]  786.55  786.71  0.01  una ?
  [1726]  786.75  787.17  0.00  palabra ?
  [1727]  787.23  787.31  0.01  que ?
  [1728]  787.35  787.63  0.01  usaba ?
  [1729]  787.69  787.97  0.00  mucho ?
--- frase 259
  [1730]  788.07  789.81  0.00  Calma ?
  [1731]  789.93  790.31  0.00  calma ?
--- frase 260
  [1732]  790.75  790.77  0.03  Y ?
  [1733]  790.85  790.91  0.37  lo
  [1734]  790.97  791.05  0.61  que
  [1735]  791.09  791.17  0.42  no
  [1736]  791.25  791.49  0.86  quiere
  [1737]  791.51  791.55  0.47  es
  [1738]  791.61  791.69  0.96  que
  [1739]  791.77  791.79  0.95  a
  [1740]  791.87  792.19  0.98  los
  [1741]  792.31  792.77  0.99  chicos
--- frase 261
  [1742]  792.83  792.85  0.99  A
  [1743]  792.89  792.99  0.99  los
  [1744]  793.01  793.47  0.67  jovencitos
--- frase 262
  [1745]  794.39  794.53  0.98  les
  [1746]  794.57  794.87  0.99  falte
  [1747]  794.89  794.95  0.99  de
  [1748]  794.99  795.19  0.99  nada
  [1749]  795.33  795.41  0.80  es
  [1750]  795.43  795.55  0.89  su
  [1751]  795.67  796.25  0.45  preocupación
--- frase 263
  [1752]  796.36  796.58  0.00  no ?
  [1753]  796.63  796.77  0.01  quiere ?
  [1754]  796.77  796.86  0.00  que ?
  [1755]  796.86  796.93  0.00  les ?
  [1756]  796.93  798.66  0.00  falte ?
--- frase 264
  [1757]  798.66  798.84  0.81  dice
  [1758]  798.90  798.98  0.85  que
  [1759]  799.38  799.90  0.98  encontrarás
  [1760]  799.98  800.06  0.91  la
  [1761]  800.14  800.44  0.89  forma
--- frase 265
  [1762]  800.96  801.16  0.92  porque
  [1763]  801.20  801.26  0.99  tú
  [1764]  801.30  801.38  0.98  le
  [1765]  801.42  801.80  1.00  preguntas
  [1766]  801.86  802.02  0.98  cómo
  [1767]  802.04  802.08  0.98  lo
  [1768]  802.08  802.18  0.89  voy
  [1769]  802.18  802.20  0.97  a
  [1770]  802.20  802.44  0.90  hacer
--- frase 266
  [1771]  802.48  802.62  0.99  cómo
  [1772]  802.62  802.66  0.97  lo
  [1773]  802.66  802.74  0.85  voy
  [1774]  802.74  802.78  0.74  a
  [1775]  802.78  802.98  0.94  hacer
  [1776]  803.52  804.06  0.99  encontrarás
  [1777]  804.12  804.20  0.98  la
  [1778]  804.28  804.58  0.99  forma
--- frase 267
  [1779]  804.64  804.70  0.88  de
  [1780]  804.72  805.08  0.72  hacerlo
  [1781]  805.12  805.36  0.39  dice
--- frase 268
  [1782]  805.38  807.42  0.00  sí ?
--- frase 269
  [1783]  809.80  810.36  0.55  encontrarás
--- frase 270
  [1784]  810.50  810.73  0.56  vale
--- frase 271
  [1785]  813.81  813.87  0.94  tú
  [1786]  813.93  814.13  0.98  quieres
  [1787]  814.15  814.51  0.97  decirle
--- frase 272
  [1788]  814.55  814.69  0.54  algo
  [1789]  814.73  814.75  0.94  a
  [1790]  814.79  814.85  0.80  él
--- frase 273
  [1791]  817.59  817.93  0.83  decirle
  [1792]  817.97  818.05  0.97  que
  [1793]  818.11  818.17  0.97  lo
  [1794]  818.25  818.41  0.96  amo
--- frase 274
  [1795]  818.49  818.85  0.95  mucho
  [1796]  818.95  818.97  0.89  y
  [1797]  819.05  819.17  0.96  que
--- frase 275
  [1798]  821.35  821.41  0.93  me
  [1799]  821.45  821.63  0.76  hace
  [1800]  821.67  821.89  0.94  mucha
  [1801]  821.95  822.35  0.93  falta
--- frase 276
  [1802]  823.65  823.87  0.86  mucha
  [1803]  823.91  824.25  0.82  falta
--- frase 277
  [1804]  825.53  825.74  0.21  vale ?
--- frase 278
  [1805]  827.76  827.96  0.68  dice
  [1806]  828.02  828.10  0.99  que
  [1807]  828.14  828.42  0.99  pasar
--- frase 279
  [1808]  828.52  828.76  0.95  tanto
  [1809]  828.82  829.06  0.99  tiempo
  [1810]  829.10  829.22  0.98  allí
  [1811]  829.28  829.34  1.00  no
  [1812]  829.38  829.44  0.99  te
  [1813]  829.46  829.62  0.96  hace
  [1814]  829.68  829.96  1.00  bien
--- frase 280
  [1815]  830.06  830.26  0.99  como
  [1816]  830.34  830.44  0.99  que
  [1817]  831.14  831.46  0.99  salgas
  [1818]  831.54  831.60  0.84  un
  [1819]  831.64  831.88  0.99  poco
  [1820]  831.94  832.36  0.99  afuera
--- frase 281
  [1821]  832.66  832.68  0.88  o
  [1822]  833.58  833.78  0.91  como
--- frase 282
  [1823]  834.38  834.44  0.98  no
  [1824]  834.50  834.60  0.97  sé
  [1825]  834.66  834.84  0.98  como
  [1826]  834.90  835.28  0.84  moverte
  [1827]  835.32  835.38  0.86  un
  [1828]  835.40  835.62  0.98  poco
  [1829]  835.66  835.94  0.86  afuera
--- frase 283
  [1830]  836.00  836.20  0.73  vale
--- frase 284
  [1831]  837.04  839.14  0.00  eso ?
--- frase 285
  [1832]  839.56  839.78  0.00  porque ?
  [1833]  839.84  839.92  0.00  yo ?
  [1834]  839.98  840.02  0.00  no ?
  [1835]  840.10  840.30  0.00  quiero ?
  [1836]  840.38  840.68  0.00  salir ?
  [1837]  840.76  840.83  0.00  no ?
  [1838]  840.87  840.92  0.00  me ?
  [1839]  840.97  841.07  0.00  dan ?
  [1840]  841.11  841.35  0.00  ganas ?
  [1841]  841.35  841.40  0.00  de ?
  [1842]  841.47  841.97  0.00  salir ?
--- frase 286
  [1843]  842.01  842.07  0.00  de ?
  [1844]  842.15  842.43  0.00  nada ?
  [1845]  842.47  842.71  0.00  porque ?
--- frase 287
  [1846]  843.77  843.95  0.00  todo ?
  [1847]  843.99  844.07  0.01  el ?
  [1848]  844.15  844.37  0.01  día ?
  [1849]  844.69  845.03  0.00  éramos ?
  [1850]  845.03  845.17  0.00  los ?
  [1851]  845.21  845.43  0.00  dos ?
--- frase 288
  [1852]  846.25  846.41  0.00  todo ?
  [1853]  846.41  846.51  0.01  el ?
  [1854]  846.55  846.69  0.02  día ?
  [1855]  846.75  846.91  0.00  los ?
  [1856]  846.91  849.53  0.00  dos ?
--- frase 289
  [1857]  849.53  849.79  0.07  vale ?
--- frase 290
  [1858]  851.07  851.33  0.00  venga ?
--- frase 291
  [1859]  853.53  853.59  0.95  te
  [1860]  853.65  853.71  0.86  da
  [1861]  853.79  853.91  0.98  las
  [1862]  853.95  854.41  0.99  gracias
--- frase 292
  [1863]  855.88  856.12  0.86  dice
  [1864]  856.17  856.25  0.96  que
--- frase 293
  [1865]  857.30  857.48  0.99  como
  [1866]  857.52  857.58  0.99  que
  [1867]  857.62  857.68  0.98  le
  [1868]  857.70  858.24  1.00  despidas
  [1869]  858.28  858.36  0.99  de
  [1870]  858.42  858.86  1.00  todos
--- frase 294
  [1871]  861.02  861.04  0.95  y
  [1872]  861.14  861.24  0.97  que
  [1873]  861.66  861.96  0.99  cuides
  [1874]  862.00  862.08  0.98  de
  [1875]  862.14  862.20  0.99  tu
  [1876]  862.26  862.54  0.98  madre
--- frase 295
  [1877]  862.60  862.80  0.99  como
  [1878]  863.06  863.16  0.45  hay
  [1879]  863.18  863.24  0.94  que
  [1880]  863.28  863.52  0.98  estar
  [1881]  863.56  863.68  0.95  muy
  [1882]  863.70  864.10  0.98  pendiente
  [1883]  864.14  864.20  0.92  de
  [1884]  864.24  864.40  0.97  ella
--- frase 296
  [1885]  864.46  864.52  0.49  la
  [1886]  864.58  867.08  0.01  cuides ?
--- frase 297
  [1887]  867.84  868.02  0.02  eso ?
  [1888]  869.00  869.50  0.03  es ?
--- frase 298
  [1889]  870.33  870.45  0.08  ella ?
  [1890]  870.47  870.61  0.35  está
  [1891]  870.66  870.80  0.46  mal
--- frase 299
  [1892]  871.00  871.18  0.81  sobre
  [1893]  871.23  871.38  0.81  todo
  [1894]  871.42  872.07  0.87  emocionalmente
  [1895]  872.11  872.23  0.51  está
  [1896]  872.27  872.39  0.17  muy ?
  [1897]  872.43  872.57  0.26  mal ?
--- frase 300
  [1898]  877.55  877.69  0.59  ella
  [1899]  877.75  878.01  0.73  también
  [1900]  878.03  878.11  0.89  le
  [1901]  878.15  878.39  0.90  habla
--- frase 301
  [1902]  879.03  879.11  0.42  le
  [1903]  879.17  879.41  0.43  habla
  [1904]  879.65  879.67  0.54  y
  [1905]  879.71  879.77  0.79  le
  [1906]  879.83  880.03  0.90  dice
  [1907]  880.09  880.51  0.91  cosas
--- frase 302
  [1908]  881.31  882.49  0.00  cosas ?
  [1909]  882.79  883.25  0.85  incluso
  [1910]  884.05  884.11  0.98  le
  [1911]  884.13  884.19  0.65  ha
  [1912]  884.21  884.43  0.99  dicho
  [1913]  884.49  884.55  0.98  que
  [1914]  884.61  884.69  0.97  se
  [1915]  884.77  884.96  0.96  quiere
  [1916]  885.00  885.08  0.17  ir ?
  [1917]  885.12  885.25  0.88  con
  [1918]  885.29  885.39  0.89  él
--- frase 303
  [1919]  886.01  886.12  0.19  Sí ?
--- frase 304
  [1920]  889.76  890.00  0.11  Vale ?
--- frase 305
  [1921]  891.54  891.78  0.55  Venga
  [1922]  892.42  892.52  0.91  él
  [1923]  892.56  892.80  0.97  dice
  [1924]  892.84  892.92  0.96  que
  [1925]  892.96  893.06  0.79  no
  [1926]  893.38  893.64  0.96  claro
  [1927]  893.90  894.48  0.95  que
  [1928]  894.52  894.58  0.96  la
  [1929]  894.62  895.08  0.64  vigiléis
  [1930]  895.12  895.20  0.51  un
  [1931]  895.22  895.44  0.98  poco
  [1932]  895.50  895.76  0.95  porque
  [1933]  896.48  896.60  0.16  va ?
  [1934]  896.88  896.90  0.45  a
  [1935]  897.00  897.22  0.24  hacer ?
  [1936]  897.32  897.62  0.76  sola
  [1937]  898.06  898.40  0.24  etcétera ?
  [1938]  898.44  898.74  0.08  etcétera ?
  [1939]  898.78  898.96  0.20  vale ?
--- frase 306
  [1940]  899.95  901.55  0.00  Venga ?
  [1941]  901.79  901.87  0.97  te
  [1942]  901.93  901.99  0.99  da
  [1943]  902.07  902.35  0.99  muchos
  [1944]  902.41  902.75  0.85  besos
  [1945]  902.89  902.91  0.99  y
  [1946]  902.97  903.03  0.99  te
  [1947]  903.07  903.13  0.99  da
  [1948]  903.19  903.29  0.98  las
  [1949]  903.33  903.67  0.99  gracias
  [1950]  903.71  903.85  0.99  por
  [1951]  903.93  904.15  0.99  todo
--- frase 307
  [1952]  904.91  905.03  0.98  Se
  [1953]  905.09  905.15  0.93  te
  [1954]  905.17  905.23  0.68  ha
  [1955]  905.25  905.53  0.99  quedado
  [1956]  905.59  905.75  0.99  todo
  [1957]  905.77  905.81  0.97  en
  [1958]  905.85  906.03  1.00  tus
  [1959]  906.07  906.37  0.96  manos
  [1960]  906.41  906.63  1.00  dice
  [1961]  906.75  906.95  0.99  como
  [1962]  907.19  907.29  0.99  si
  [1963]  907.41  907.61  0.99  todo
  [1964]  907.65  907.83  0.90  ahora
  [1965]  907.85  907.97  0.92  está
  [1966]  908.01  908.05  0.69  en
  [1967]  908.07  908.19  0.99  tus
  [1968]  908.25  908.53  1.00  manos
--- frase 308
  [1969]  909.15  909.23  0.56  Es
  [1970]  909.25  909.33  0.96  que
  [1971]  909.37  909.55  0.74  toma
  [1972]  909.59  909.79  0.94  muchas
  [1973]  909.81  910.67  0.99  decisiones
  [1974]  910.71  910.95  0.99  mucha
  [1975]  911.01  911.49  0.99  presión
--- frase 309
  [1976]  912.01  912.31  0.04  Es ?
  [1977]  912.39  912.45  0.08  que ?
  [1978]  912.45  912.49  0.00  yo ?
  [1979]  912.49  912.77  0.00  soy ?
  [1980]  912.77  912.81  0.00  su ?
  [1981]  913.05  913.51  0.00  hija ?
  [1982]  913.87  914.21  0.00  mayor ?
--- frase 310
  [1983]  915.53  915.63  0.82  Sí
--- frase 311
  [1984]  916.64  916.70  0.50  Le
  [1985]  916.74  916.90  0.86  manda
  [1986]  916.96  917.10  0.98  toda
  [1987]  917.14  917.22  0.96  su
  [1988]  917.26  917.50  0.96  mejor
  [1989]  917.52  917.94  0.99  energía
  [1990]  918.02  918.18  0.99  para
  [1991]  918.26  918.36  0.99  que
  [1992]  918.56  918.82  0.95  puedas
  [1993]  918.88  919.28  0.99  superar
  [1994]  919.34  919.52  0.98  todo
  [1995]  919.58  919.78  0.98  esto
--- frase 312
  [1996]  920.28  920.48  0.01  Vale ?
--- frase 313
  [1997]  921.72  921.90  0.11  Eso ?
  [1998]  921.98  922.10  0.03  es ?
--- frase 314
  [1999]  923.48  923.76  0.45  Venga
--- frase 315
  [2000]  924.78  924.98  0.46  Quieres
  [2001]  925.02  925.08  0.73  que
  [2002]  925.12  925.18  0.77  le
  [2003]  925.22  925.74  0.82  despidamos
--- frase 316
  [2004]  927.30  927.34  0.00  Sí ?
--- frase 317
  [2005]  927.34  927.36  0.70  O
  [2006]  927.40  927.48  0.84  te
  [2007]  927.52  927.74  0.84  quieres
  [2008]  927.76  928.14  0.96  despedir
  [2009]  928.20  928.28  0.95  tú
  [2010]  928.32  928.36  0.50  de
  [2011]  928.38  928.48  0.93  él
--- frase 318
  [2012]  929.26  929.42  0.00  Es ?
  [2013]  929.48  935.25  0.00  difícil ?
  [2014]  935.33  935.53  0.00  pero ?
--- frase 319
  [2015]  937.49  937.55  0.00  yo ?
  [2016]  937.63  937.71  0.00  sé ?
  [2017]  937.77  937.85  0.00  que ?
  [2018]  937.87  938.03  0.00  tengo ?
  [2019]  938.09  938.17  0.00  que ?
  [2020]  938.21  938.61  0.00  dejarlo ?
  [2021]  941.99  942.95  0.00  ir ?
--- frase 320
  [2022]  942.95  943.09  0.36  aunque
  [2023]  943.13  943.19  0.61  te
  [2024]  943.23  943.67  0.69  despidas
--- frase 321
  [2025]  943.95  944.23  0.99  puedes
  [2026]  944.25  944.50  0.99  volver
  [2027]  944.55  944.58  0.97  a
  [2028]  944.62  945.15  0.99  conectar
  [2029]  945.24  945.36  0.99  con
  [2030]  945.39  945.48  0.97  él
--- frase 322
  [2031]  945.53  945.70  0.99  pero
  [2032]  945.72  946.38  0.99  despedirse
--- frase 323
  [2033]  947.16  947.24  0.97  es
  [2034]  947.34  947.96  0.98  importante
  [2035]  948.00  948.18  0.99  para
  [2036]  948.22  948.30  0.98  ti
  [2037]  948.34  948.36  0.00  y ?
  [2038]  948.40  948.58  0.93  para
  [2039]  948.64  948.74  0.98  él
--- frase 324
  [2040]  948.90  949.18  0.95  porque
  [2041]  949.24  949.56  0.79  marca
--- frase 325
  [2042]  950.62  950.80  0.05  cómo ?
  [2043]  950.92  951.12  0.02  poner ?
  [2044]  951.14  951.26  0.05  las ?
  [2045]  951.28  951.50  0.05  cosas ?
  [2046]  951.54  951.62  0.03  en ?
  [2047]  951.64  951.70  0.02  su ?
  [2048]  951.80  952.10  0.15  sitio ?
--- frase 326
  [2049]  952.82  953.08  0.79  siempre
  [2050]  953.12  953.38  0.86  ayuda
  [2051]  953.44  953.70  0.80  mucho
--- frase 327
  [2052]  957.08  957.20  0.81  pero
  [2053]  957.22  957.26  0.58  él
  [2054]  957.30  957.42  0.73  está
  [2055]  957.48  957.58  0.67  muy
  [2056]  957.60  958.00  0.80  pendiente
--- frase 328
  [2057]  958.28  958.38  0.45  no
  [2058]  959.24  959.30  0.11  te ?
  [2059]  959.35  959.61  0.10  creas ?
  [2060]  959.64  959.75  0.40  que
--- frase 329
  [2061]  959.92  959.99  0.56  él
  [2062]  960.02  960.16  0.41  está
  [2063]  960.18  960.30  0.03  muy ?
  [2064]  960.33  960.71  0.57  pendiente
  [2065]  960.75  960.83  0.98  de
  [2066]  960.87  960.95  0.95  ti
--- frase 330
  [2067]  961.99  962.01  0.98  y
  [2068]  962.05  962.13  0.99  de
  [2069]  962.19  962.53  0.97  todos
--- frase 331
  [2070]  962.79  962.87  0.23  es ?
  [2071]  963.07  963.21  0.99  muy
  [2072]  963.23  963.75  0.99  protector
  [2073]  963.81  963.87  0.96  de
  [2074]  963.91  963.97  0.95  la
  [2075]  964.05  964.33  0.99  casa
--- frase 332
  [2076]  964.75  964.79  0.93  de
  [2077]  964.83  964.89  0.88  la
  [2078]  964.93  965.33  0.83  familia
--- frase 333
  [2079]  965.47  965.55  0.11  él ?
  [2080]  965.59  965.67  0.06  es ?
  [2081]  965.71  965.81  0.10  muy ?
  [2082]  965.83  966.29  0.23  protector ?
--- frase 334
  [2083]  967.81  968.01  0.45  eso
  [2084]  968.07  968.19  0.44  es
--- frase 335
  [2085]  969.59  969.85  0.15  vale ?
--- frase 336
  [2086]  971.13  971.35  0.69  quieres
  [2087]  971.37  971.81  0.94  despedirte
  [2088]  971.83  971.87  0.39  de
  [2089]  971.89  971.97  0.91  él
  [2090]  972.11  972.29  0.62  quieres
  [2091]  972.31  972.61  0.80  decirle
  [2092]  972.61  972.81  0.69  algo
--- frase 337
  [2093]  974.07  974.15  0.94  sí
--- frase 338
  [2094]  975.82  976.00  0.62  quiero
  [2095]  976.04  976.52  0.95  decirle
  [2096]  976.62  976.72  0.89  que
  [2097]  976.84  977.48  0.98  gracias
--- frase 339
  [2098]  978.36  978.48  0.81  por
  [2099]  978.50  978.70  0.59  haber
  [2100]  978.74  978.92  0.93  sido
  [2101]  978.98  979.04  0.94  mi
  [2102]  979.10  979.36  0.98  papá
--- frase 340
  [2103]  980.48  980.56  0.96  que
  [2104]  980.66  980.76  0.95  yo
  [2105]  980.96  981.04  0.98  lo
  [2106]  981.08  981.48  0.99  volvería
  [2107]  981.50  981.52  0.00  a ?
  [2108]  981.52  981.88  1.00  elegir
--- frase 341
  [2109]  981.94  982.02  0.99  en
  [2110]  982.06  982.38  0.98  esta
  [2111]  982.50  982.52  0.45  y
  [2112]  982.58  982.66  0.98  en
  [2113]  982.72  982.92  0.99  otra
  [2114]  982.98  983.24  1.00  vida
--- frase 342
  [2115]  984.80  984.82  0.93  y
--- frase 343
  [2116]  987.00  987.08  0.99  que
  [2117]  987.10  987.22  0.49  esté
  [2118]  987.28  987.78  0.97  tranquilo
--- frase 344
  [2119]  987.86  987.96  0.96  que
  [2120]  988.02  988.22  0.97  aquí
  [2121]  988.32  988.54  0.99  todo
  [2122]  988.58  988.64  0.98  va
  [2123]  988.66  988.68  0.00  a ?
  [2124]  988.68  988.94  0.99  estar
  [2125]  989.02  989.23  1.00  bien
--- frase 345
  [2126]  991.05  991.07  0.66  y
  [2127]  991.15  991.65  0.77  decirle
  [2128]  991.77  991.91  0.82  que
--- frase 346
  [2129]  993.55  993.95  0.99  perdón
--- frase 347
  [2130]  994.35  994.45  0.98  por
  [2131]  994.49  994.57  0.65  las
  [2132]  994.59  994.81  0.75  veces
  [2133]  994.85  994.91  0.98  que
  [2134]  994.95  995.01  0.98  me
  [2135]  995.07  995.35  0.99  porté
  [2136]  995.41  995.63  1.00  mal
--- frase 348
  [2137]  997.67  997.69  0.98  y
--- frase 349
  [2138]  998.45  998.79  0.95  gracias
  [2139]  998.81  998.95  0.94  por
  [2140]  999.01  999.21  0.99  todo
  [2141]  999.25  999.31  0.98  lo
  [2142]  999.35  999.43  0.97  que
  [2143]  999.47  999.51  0.89  él
  [2144]  999.55  999.59  0.98  me
  [2145]  999.63  999.99  0.99  enseñó
--- frase 350
  [2146] 1000.15 1000.27  0.98  por
  [2147] 1000.31 1000.37  0.98  lo
  [2148] 1000.41 1000.49  0.96  que
  [2149] 1000.53 1000.57  0.87  él
  [2150] 1000.61 1000.65  0.98  me
  [2151] 1000.71 1001.09  0.98  entregó
--- frase 351
  [2152] 1003.29 1003.83  0.92  gracias
--- frase 352
  [2153] 1004.15 1004.17  0.92  y
  [2154] 1004.22 1004.29  0.95  que
  [2155] 1004.32 1004.48  0.94  estoy
  [2156] 1004.51 1004.84  0.99  feliz
  [2157] 1004.89 1005.13  0.97  porque
  [2158] 1005.20 1005.29  0.98  sé
  [2159] 1005.36 1005.43  0.96  que
  [2160] 1005.48 1005.62  0.97  está
  [2161] 1005.70 1005.84  0.99  con
  [2162] 1005.88 1005.98  0.99  mi
  [2163] 1006.04 1006.30  1.00  hijo
--- frase 353
  [2164] 1007.74 1007.76  0.98  y
  [2165] 1007.84 1008.10  0.99  eso
--- frase 354
  [2166] 1008.18 1008.24  0.99  me
  [2167] 1008.30 1008.80  0.99  consuela
  [2168] 1008.84 1008.90  0.68  un
  [2169] 1008.94 1009.34  0.92  poquito
--- frase 355
  [2170] 1010.52 1010.62  0.41  sí
--- frase 356
  [2171] 1013.14 1013.40  0.47  están
  [2172] 1013.44 1013.88  0.77  juntos
--- frase 357
  [2173] 1013.88 1016.58  0.00  vale ?
--- frase 358
  [2174] 1018.92 1019.21  0.00  venga ?
--- frase 359
  [2175] 1020.30 1020.53  0.98  vamos
  [2176] 1020.57 1020.59  0.99  a
  [2177] 1020.61 1021.07  0.99  despedirle
  [2178] 1021.11 1021.27  0.68  vale
--- frase 360
  [2179] 1023.45 1023.53  0.95  Él
  [2180] 1023.55 1023.61  0.95  te
  [2181] 1023.65 1023.71  0.63  da
  [2182] 1023.75 1023.85  0.96  las
  [2183] 1023.89 1024.33  0.98  gracias
  [2184] 1025.37 1025.51  0.91  por
  [2185] 1025.55 1025.79  0.99  todo
  [2186] 1025.87 1026.09  0.99  dice
--- frase 361
  [2187] 1027.41 1027.47  0.96  Que
  [2188] 1027.53 1027.69  0.98  tienes
  [2189] 1027.71 1027.77  0.98  que
  [2190] 1027.83 1027.97  0.96  ser
  [2191] 1028.03 1028.35  0.92  fuerte
  [2192] 1028.37 1028.59  0.14  dice ?
--- frase 362
  [2193] 1028.67 1028.87  0.10  Tienes ?
  [2194] 1028.91 1028.97  0.12  que ?
  [2195] 1029.03 1029.17  0.04  ser ?
  [2196] 1029.23 1029.55  0.02  fuerte ?
--- frase 363
  [2197] 1029.85 1030.01  0.00  Tienes ?
  [2198] 1030.03 1030.11  0.00  que ?
  [2199] 1030.17 1030.33  0.00  ser ?
  [2200] 1030.39 1031.03  0.00  fuerte ?
--- frase 364
  [2201] 1031.05 1031.21  0.02  Dice ?
  [2202] 1031.23 1031.37  0.01  así ?
  [2203] 1031.53 1031.81  0.00  fuerte ?
--- frase 365
  [2204] 1035.12 1038.12  0.00  Vale ?
--- frase 366
  [2205] 1038.12 1038.36  0.08  Cuida ?
  [2206] 1038.40 1038.46  0.15  de ?
  [2207] 1038.50 1038.56  0.08  la ?
  [2208] 1038.64 1038.92  0.07  casa ?
  [2209] 1039.00 1039.20  0.06  dice ?
--- frase 367
  [2210] 1039.24 1039.42  0.10  Cuida ?
  [2211] 1039.48 1039.52  0.17  de ?
  [2212] 1039.56 1039.62  0.14  la ?
  [2213] 1039.66 1039.92  0.27  casa ?
--- frase 368
  [2214] 1040.84 1040.92  0.61  Te
  [2215] 1040.96 1041.18  0.63  deja
  [2216] 1041.26 1041.44  0.88  como
  [2217] 1042.58 1042.64  0.92  en
  [2218] 1042.70 1042.86  0.91  tus
  [2219] 1042.92 1043.28  0.36  ramos
  [2220] 1043.54 1043.58  0.29  el ?
  [2221] 1043.62 1043.84  0.97  cuidar
  [2222] 1043.86 1043.92  0.99  de
  [2223] 1043.94 1044.00  0.99  la
  [2224] 1044.04 1044.28  1.00  casa
--- frase 369
  [2225] 1044.30 1044.68  0.00  Eso ?
  [2226] 1045.88 1045.98  0.00  es ?
--- frase 370
  [2227] 1049.53 1049.57  0.00  Te ?
  [2228] 1049.57 1049.64  0.00  da ?
  [2229] 1049.68 1049.79  0.00  las ?
  [2230] 1049.83 1050.12  0.29  gracias ?
  [2231] 1050.15 1050.33  0.91  vale
--- frase 371
  [2232] 1050.43 1050.51  0.96  te
  [2233] 1050.55 1050.71  0.93  manda
  [2234] 1050.75 1050.97  0.95  muchos
  [2235] 1051.01 1051.31  0.75  besos
--- frase 372
  [2236] 1051.87 1052.21  0.66  hay
  [2237] 1052.25 1052.35  0.86  una
  [2238] 1052.39 1052.63  0.81  mujer
  [2239] 1052.69 1052.91  0.76  mayor
  [2240] 1052.97 1053.09  0.79  aquí
  [2241] 1053.13 1053.49  0.43  también
--- frase 373
  [2242] 1054.81 1054.91  0.42  hay
  [2243] 1054.95 1055.53  0.54  una
  [2244] 1055.59 1055.97  0.66  señora
  [2245] 1056.03 1056.27  0.56  aquí
--- frase 374
  [2246] 1057.35 1057.79  0.95  mayor
--- frase 375
  [2247] 1058.49 1058.57  0.84  que
  [2248] 1058.61 1058.83  0.75  también
  [2249] 1058.85 1058.89  0.74  es
  [2250] 1058.93 1059.09  0.86  como
  [2251] 1059.13 1059.21  0.75  que
--- frase 376
  [2252] 1060.79 1060.85  0.73  se
  [2253] 1060.87 1060.93  0.53  ha
  [2254] 1061.13 1061.59  0.81  presentado
  [2255] 1061.63 1061.75  0.94  aquí
  [2256] 1061.81 1061.87  0.98  de
  [2257] 1061.93 1062.29  0.96  repente
--- frase 377
  [2258] 1064.86 1064.91  0.62  es
  [2259] 1064.95 1065.14  0.71  como
  [2260] 1065.44 1065.52  0.42  que
  [2261] 1065.58 1065.64  0.89  te
  [2262] 1065.68 1065.84  0.45  mira
  [2263] 1065.86 1065.88  0.89  a
  [2264] 1065.92 1066.02  0.66  ti
--- frase 378
  [2265] 1067.58 1067.88  0.30  besos
  [2266] 1067.92 1068.20  0.34  besos
  [2267] 1068.24 1068.52  0.35  besos
--- frase 379
  [2268] 1069.38 1069.44  0.20  es ?
  [2269] 1069.48 1069.56  0.48  la
  [2270] 1069.62 1069.90  0.53  mamá
  [2271] 1070.00 1070.20  0.43  del
--- frase 380
  [2272] 1072.20 1072.48  0.33  vale
--- frase 381
  [2273] 1075.64 1075.72  0.89  yo
  [2274] 1075.76 1075.84  0.92  la
  [2275] 1075.86 1076.02  0.87  veo
  [2276] 1076.22 1076.72  0.96  delgada
--- frase 382
  [2277] 1078.74 1078.92  0.91  como
  [2278] 1078.98 1079.09  0.93  si
--- frase 383
  [2279] 1079.18 1079.66  0.84  falleció
--- frase 384
  [2280] 1080.35 1080.37  0.94  y
  [2281] 1080.43 1080.69  0.93  quedó
  [2282] 1080.75 1080.95  0.97  como
  [2283] 1081.01 1081.19  0.82  muy
  [2284] 1081.31 1081.83  0.86  delgadita
  [2285] 1081.91 1082.09  0.76  vale
--- frase 385
  [2286] 1082.13 1082.41  0.02  Sí ?
--- frase 386
  [2287] 1084.83 1085.09  0.01  Venga ?
--- frase 387
  [2288] 1085.69 1085.83  0.55  Ella
  [2289] 1085.87 1085.93  0.85  te
  [2290] 1085.95 1086.11  0.81  tira
  [2291] 1086.17 1086.35  0.69  muchos
  [2292] 1086.37 1086.69  0.30  besos
--- frase 388
  [2293] 1087.43 1087.53  0.70  Sí
  [2294] 1087.61 1087.77  0.48  ella
  [2295] 1087.83 1087.97  0.65  era
  [2296] 1088.01 1088.09  0.54  de
  [2297] 1088.13 1088.37  0.68  tirar
  [2298] 1088.41 1088.57  0.19  besos ?
  [2299] 1088.61 1088.65  0.02  sí ?
--- frase 389
  [2300] 1088.73 1088.85  0.17  Sí ?
--- frase 390
  [2301] 1091.49 1092.33  0.02  Sí ?
--- frase 391
  [2302] 1094.60 1094.80  0.01  Venga ?
  [2303] 1094.80 1094.98  0.01  vamos ?
  [2304] 1095.00 1095.02  0.02  a ?
  [2305] 1095.06 1095.52  0.01  despedirnos ?
  [2306] 1095.56 1095.74  0.02  vale ?
--- frase 392
  [2307] 1096.26 1096.50  0.02  Muchas ?
  [2308] 1096.52 1097.02  0.01  gracias ?
--- frase 393
  [2309] 1097.02 1097.28  0.05  Muchas ?
  [2310] 1097.28 1097.64  0.04  gracias ?
  [2311] 1097.74 1097.98  0.07  muchas ?
  [2312] 1097.98 1098.24  0.05  gracias ?
  [2313] 1098.28 1098.52  0.10  muchas ?
  [2314] 1098.54 1098.76  0.02  gracias ?
--- frase 394
  [2315] 1102.48 1102.68  0.00  Vale ?
  [2316] 1102.68 1102.76  0.00  ya ?
  [2317] 1102.76 1102.96  0.00  está ?
--- frase 395
  [2318] 1103.86 1104.08  0.00  Adiós ?
--- frase 396
  [2319] 1106.18 1106.42  0.09  Mucha ?
  [2320] 1106.46 1106.68  0.02  luz ?
--- frase 397
  [2321] 1106.68 1106.76  0.00  ya ?
  [2322] 1110.35 1110.55  0.00  está ?
--- frase 398
  [2323] 1111.77 1112.25  0.00  gracias ?
--- frase 399
  [2324] 1116.87 1117.27  0.02  gracias ?
--- frase 400
  [2325] 1119.97 1120.07  0.01  él ?
  [2326] 1120.09 1120.21  0.01  era ?
  [2327] 1120.25 1120.35  0.00  muy ?
  [2328] 1120.45 1120.93  0.02  caballero ?
--- frase 401
  [2329] 1124.96 1125.02  0.01  ya ?
  [2330] 1125.04 1125.14  0.00  nos ?
  [2331] 1125.14 1125.32  0.00  hemos ?
  [2332] 1125.34 1125.74  0.01  despedido ?
--- frase 402
  [2333] 1125.78 1125.84  0.00  ya ?
  [2334] 1127.26 1127.80  0.00  está ?
--- frase 403
  [2335] 1127.80 1127.86  0.20  me ?
  [2336] 1127.90 1128.08  0.17  dice ?
  [2337] 1128.12 1128.34  0.46  antes
  [2338] 1128.36 1128.42  0.57  de
  [2339] 1128.46 1128.70  0.42  irse
--- frase 404
  [2340] 1129.54 1129.62  0.66  es
  [2341] 1129.66 1129.72  0.86  que
  [2342] 1129.78 1129.84  0.89  yo
  [2343] 1129.88 1130.04  0.89  quiero
  [2344] 1130.08 1130.14  0.96  que
  [2345] 1130.16 1130.20  0.32  mi
  [2346] 1130.22 1130.38  0.61  hija
  [2347] 1130.40 1130.56  0.71  esté
  [2348] 1130.60 1130.78  0.94  bien
--- frase 405
  [2349] 1130.80 1130.84  0.00  me ?
  [2350] 1130.84 1130.94  0.01  dice ?
--- frase 406
  [2351] 1131.40 1131.54  0.00  yo ?
  [2352] 1131.54 1131.76  0.01  quiero ?
  [2353] 1131.82 1131.88  0.01  que ?
  [2354] 1131.90 1131.94  0.00  mi ?
  [2355] 1131.94 1132.02  0.03  hija ?
  [2356] 1132.04 1132.18  0.04  esté ?
  [2357] 1132.24 1132.40  0.15  bien ?
--- frase 407
  [2358] 1135.54 1135.62  0.01  pues ?
  [2359] 1135.66 1135.72  0.73  ya
  [2360] 1135.76 1135.86  0.47  está
--- frase 408
  [2361] 1136.42 1136.52  0.74  ya
  [2362] 1136.54 1136.66  0.67  está
--- frase 409
  [2363] 1136.72 1136.80  0.07  Está ?
  [2364] 1136.80 1137.12  0.19  Ingrid ?
  [2365] 1137.18 1137.36  0.81  vale
--- frase 410
  [2366] 1137.92 1138.01  0.92  Él
  [2367] 1138.05 1138.22  0.87  está
  [2368] 1138.24 1140.35  0.02  tranquilo ?
  [2369] 1141.07 1141.23  0.24  entre ?
  [2370] 1141.29 1141.67  0.37  comillas
  [2371] 1141.71 1141.91  0.42  porque
  [2372] 1142.47 1142.53  0.82  no
  [2373] 1142.57 1142.77  0.78  paraba
  [2374] 1142.81 1143.05  0.67  quieto
--- frase 411
  [2375] 1144.01 1144.09  0.06  No ?
  [2376] 1144.23 1144.33  0.09  sí ?
  [2377] 1145.93 1146.03  0.35  él
  [2378] 1146.07 1146.17  0.40  era
  [2379] 1146.19 1146.45  0.64  así
  [2380] 1146.91 1147.05  0.67  era
  [2381] 1147.35 1147.55  0.69  muy
  [2382] 1147.69 1148.31  0.98  expresivo
  [2383] 1148.37 1148.51  0.97  para
  [2384] 1148.55 1148.77  0.97  decir
  [2385] 1148.81 1148.89  0.64  las
  [2386] 1148.95 1149.27  0.78  cosas
  [2387] 1149.33 1149.49  0.62  muy
  [2388] 1149.95 1150.55  0.88  directo
  [2389] 1151.83 1151.85  0.92  y
  [2390] 1151.89 1152.03  0.86  muy
  [2391] 1152.11 1152.59  0.90  caballero
--- frase 412
  [2392] 1153.58 1153.65  0.04  Sí ?
--- frase 413
  [2393] 1154.23 1154.34  0.00  Muy ?
  [2394] 1154.40 1154.86  0.01  caballero ?
  [2395] 1155.00 1155.10  0.06  sí ?
--- frase 414
  [2396] 1156.66 1156.76  0.09  Pues ?
  [2397] 1156.80 1156.90  0.16  ya ?
  [2398] 1156.92 1157.10  0.17  está ?
  [2399] 1157.28 1157.62  0.64  Ingrid
  [2400] 1157.72 1157.80  0.96  él
  [2401] 1157.84 1158.02  0.97  está
  [2402] 1158.08 1158.26  0.98  bien
  [2403] 1158.32 1158.50  0.70  vale
--- frase 415
  [2404] 1158.52 1158.60  0.92  Él
  [2405] 1158.64 1158.78  0.97  está
  [2406] 1158.84 1159.38  0.99  tranquilo
  [2407] 1159.86 1160.06  0.96  está
  [2408] 1160.12 1160.24  0.99  con
  [2409] 1160.28 1160.36  0.98  tu
  [2410] 1160.40 1160.66  0.98  hijo
  [2411] 1160.84 1161.14  0.84  están
  [2412] 1161.18 1161.36  0.97  bien
  [2413] 1161.40 1161.54  0.90  los
  [2414] 1161.58 1161.88  0.96  dos
--- frase 416
  [2415] 1162.70 1162.90  0.01  Bueno ?
  [2416] 1163.38 1163.44  0.90  de
  [2417] 1163.46 1163.70  0.98  alguna
  [2418] 1163.76 1164.02  0.98  forma
  [2419] 1164.18 1164.28  0.49  él
  [2420] 1164.36 1164.46  0.94  le
  [2421] 1164.50 1164.94  0.99  preocupa
  [2422] 1165.04 1165.30  0.97  vuestro
  [2423] 1165.32 1165.82  0.99  bienestar
--- frase 417
  [2424] 1166.30 1166.50  0.30  sobre
  [2425] 1166.54 1166.66  0.17  todo ?
  [2426] 1166.66 1166.90  0.41  también
  [2427] 1166.92 1166.98  0.83  la
  [2428] 1167.00 1167.48  0.94  economía
  [2429] 1167.72 1167.81  0.92  de
  [2430] 1167.85 1168.18  0.81  todos
--- frase 418
  [2431] 1169.16 1169.18  0.02  y ?
  [2432] 1169.29 1169.47  0.03  bueno ?
  [2433] 1169.77 1169.97  0.12  dice ?
  [2434] 1170.05 1170.13  0.95  que
  [2435] 1170.21 1170.61  0.97  ayudará
--- frase 419
  [2436] 1170.65 1170.69  0.67  de
  [2437] 1170.71 1170.93  0.97  alguna
  [2438] 1170.99 1171.23  0.98  forma
  [2439] 1171.33 1171.35  0.74  a
  [2440] 1171.53 1171.75  0.99  tomar
  [2441] 1171.79 1172.69  0.97  decisiones
--- frase 420
  [2442] 1172.81 1172.83  0.92  a
  [2443] 1172.93 1172.99  0.95  lo
  [2444] 1173.03 1173.09  0.97  que
  [2445] 1173.17 1173.33  0.59  sea
  [2446] 1173.57 1173.73  0.59  para
  [2447] 1173.79 1173.87  0.92  que
  [2448] 1173.93 1174.21  0.84  estéis
  [2449] 1174.27 1174.43  0.90  bien
--- frase 421
  [2450] 1174.59 1174.77  0.33  vale
--- frase 422
  [2451] 1176.23 1176.45  0.01  Muchas ?
  [2452] 1176.49 1177.27  0.01  gracias ?
  [2453] 1177.27 1177.55  0.16  Cuidar ?
  [2454] 1177.59 1177.67  0.46  de
  [2455] 1177.73 1177.79  0.47  tu
  [2456] 1177.83 1178.07  0.48  madre
  [2457] 1178.13 1178.31  0.44  cuida
  [2458] 1178.35 1178.57  0.42  mucho
--- frase 423
  [2459] 1178.61 1178.65  0.17  de ?
  [2460] 1178.67 1178.83  0.25  ella ?
  [2461] 1179.37 1179.99  0.01  vale ?
--- frase 424
  [2462] 1180.39 1180.65  0.00  Muchas ?
  [2463] 1180.67 1181.51  0.09  gracias ?
  [2464] 1181.51 1182.23  0.78  agradecerte
  [2465] 1182.29 1182.57  0.86  porque
--- frase 425
  [2466] 1182.93 1182.99  0.95  me
  [2467] 1183.04 1183.28  0.94  hacía
  [2468] 1183.36 1183.67  0.98  falta
  [2469] 1183.76 1183.99  0.97  esto
--- frase 426
  [2470] 1185.04 1185.20  0.99  para
  [2471] 1185.24 1185.44  0.99  tener
  [2472] 1185.48 1185.54  0.98  un
  [2473] 1185.56 1185.92  0.99  poquito
  [2474] 1185.96 1186.04  0.99  de
  [2475] 1186.12 1186.40  0.98  paz
--- frase 427
  [2476] 1186.54 1186.56  0.97  y
  [2477] 1186.62 1186.80  0.99  creo
  [2478] 1186.84 1186.92  0.91  que
  [2479] 1186.96 1187.16  0.90  ahora
  [2480] 1187.22 1187.30  0.99  la
  [2481] 1187.38 1187.72  0.98  tengo
--- frase 428
  [2482] 1188.68 1189.00  0.74  entonces
  [2483] 1189.08 1189.96  0.22  agradecerte ?
  [2484] 1190.02 1190.10  0.31  en
  [2485] 1190.14 1190.24  0.70  el
  [2486] 1190.28 1190.62  0.64  alma
--- frase 429
  [2487] 1192.62 1192.80  0.66  este
  [2488] 1192.84 1193.10  0.72  bonito
  [2489] 1193.14 1193.68  0.94  encuentro
  [2490] 1193.72 1193.74  0.94  y
  [2491] 1193.78 1193.80  0.97  a
  [2492] 1193.84 1193.90  0.98  la
  [2493] 1193.94 1194.08  0.97  vez
  [2494] 1194.12 1194.58  0.88  despedida
--- frase 430
  [2495] 1195.72 1195.76  0.47  Es
  [2496] 1195.78 1195.88  0.94  muy
  [2497] 1195.94 1196.16  0.90  lindo
  [2498] 1196.22 1196.28  0.98  lo
  [2499] 1196.32 1196.40  0.99  que
  [2500] 1196.44 1196.66  0.89  hace
--- frase 431
  [2501] 1196.68 1196.70  0.34  Y
  [2502] 1196.74 1196.96  0.95  desde
  [2503] 1197.06 1197.28  0.92  Chile
  [2504] 1197.34 1197.40  0.94  un
  [2505] 1197.44 1197.87  0.97  abrazo
--- frase 432
  [2506] 1199.29 1199.53  0.69  Muchas
  [2507] 1199.55 1200.47  0.58  bendiciones
--- frase 433
  [2508] 1200.93 1201.21  0.22  Bonita ?
  [2509] 1201.27 1201.61  0.03  tierra ?
  [2510] 1201.83 1202.11  0.06  bonita ?
  [2511] 1202.19 1202.47  0.04  tierra ?
  [2512] 1202.59 1202.87  0.01  Chile ?
--- frase 434
  [2513] 1203.91 1204.09  0.04  Chile ?
  [2514] 1204.11 1204.17  0.02  el ?
  [2515] 1204.23 1204.43  0.05  país ?
  [2516] 1204.45 1204.57  0.07  del ?
  [2517] 1204.63 1207.09  0.15  vino ?
--- frase 435
  [2518] 1207.59 1207.79  0.97  Pues
  [2519] 1207.83 1208.05  0.92  nada
--- frase 436
  [2520] 1208.35 1208.77  0.99  Pues
  [2521] 1208.91 1209.49  1.00  encantado
--- frase 437
  [2522] 1209.73 1209.75  0.98  Y
  [2523] 1210.05 1210.11  1.00  me
  [2524] 1210.15 1210.39  1.00  alegro
  [2525] 1210.43 1210.71  0.99  mucho
  [2526] 1211.23 1211.31  0.99  que
  [2527] 1211.37 1211.43  0.99  te
  [2528] 1211.45 1211.63  0.84  haya
  [2529] 1211.65 1211.77  0.49  dado
  [2530] 1211.83 1211.95  0.65  esa
  [2531] 1211.99 1212.17  0.82  paz
--- frase 438
  [2532] 1212.27 1212.56  0.99  Porque
  [2533] 1212.60 1212.84  0.99  esto
  [2534] 1212.95 1213.08  0.99  es
  [2535] 1213.15 1213.32  1.00  para
  [2536] 1213.38 1213.56  1.00  eso
--- frase 439
  [2537] 1213.90 1214.04  0.98  Así
  [2538] 1214.08 1214.16  0.98  que
  [2539] 1214.20 1214.24  0.99  me
  [2540] 1214.28 1214.48  0.99  alegro
  [2541] 1214.54 1214.78  0.93  mucho
--- frase 440
  [2542] 1215.50 1216.04  0.02  Muchas ?
  [2543] 1216.04 1216.60  0.01  gracias ?
--- frase 441
  [2544] 1216.64 1216.68  0.00  Te ?
  [2545] 1216.68 1216.84  0.65  mando
  [2546] 1216.84 1216.90  0.46  un
  [2547] 1216.92 1217.20  0.81  abrazo
  [2548] 1217.22 1217.34  0.01  muy ?
  [2549] 1217.34 1217.56  0.44  grande
  [2550] 1217.60 1217.88  0.54  cuídate
  [2551] 1217.94 1218.18  0.72  mucho
--- frase 442
  [2552] 1218.40 1218.66  0.00  Igual ?
  [2553] 1218.82 1219.04  0.00  muchas ?
  [2554] 1219.04 1219.88  0.00  gracias ?

2555 palabras -> trabajo/shorts_prueba/tiempos.json  (dispositivo: cuda)
'?' = puntuación baja: normal en cifras y nombres en inglés; si una palabra normal sale con '?', revisa el guion.
Whisper frente a la alineación: mediana -0.16 s (adelantado) en 2555 palabras comunes.
